,estimator,DGP,dataset,mse,mab,length,coverage
0,DML OLS,0,0,0.021592298088889995,0.13324688901073167,0.5545516507257728,1.0
1,DML OLS,0,1,0.021592298088889995,0.13324688901073167,0.5545516507257728,1.0
2,DML OLS,0,2,0.021592298088889995,0.13324688901073167,0.5545516507257728,1.0
3,DML OLS,0,3,0.021592298088889995,0.13324688901073167,0.5545516507257728,1.0
4,DML OLS,0,4,0.021592298088889995,0.13324688901073167,0.5545516507257728,1.0
5,DML OLS,0,5,0.021592298088889995,0.13324688901073167,0.5545516507257728,1.0
6,DML OLS,0,6,0.021592298088889995,0.13324688901073167,0.5545516507257728,1.0
7,DML OLS,0,7,0.021592298088889995,0.13324688901073167,0.5545516507257728,1.0
8,DML OLS,0,8,0.021592298088889995,0.13324688901073167,0.5545516507257728,1.0
9,DML OLS,0,9,0.021592298088889995,0.13324688901073167,0.5545516507257728,1.0
10,DML OLS,1,0,0.022036237924273668,0.13334357492661805,0.5605179673733954,1.0
11,DML OLS,1,1,0.022036237924273668,0.13334357492661805,0.5605179673733954,1.0
12,DML OLS,1,2,0.022036237924273668,0.13334357492661805,0.5605179673733954,1.0
13,DML OLS,1,3,0.022036237924273668,0.13334357492661805,0.5605179673733954,1.0
14,DML OLS,1,4,0.022036237924273668,0.13334357492661805,0.5605179673733954,1.0
15,DML OLS,1,5,0.022036237924273668,0.13334357492661805,0.5605179673733954,1.0
16,DML OLS,1,6,0.022036237924273668,0.13334357492661805,0.5605179673733954,1.0
17,DML OLS,1,7,0.022036237924273668,0.13334357492661805,0.5605179673733954,1.0
18,DML OLS,1,8,0.022036237924273668,0.13334357492661805,0.5605179673733954,1.0
19,DML OLS,1,9,0.022036237924273668,0.13334357492661805,0.5605179673733954,1.0
20,DML OLS,2,0,0.01620274359591283,0.11041134321801467,0.515434003914053,1.0
21,DML OLS,2,1,0.01620274359591283,0.11041134321801467,0.515434003914053,1.0
22,DML OLS,2,2,0.01620274359591283,0.11041134321801467,0.515434003914053,1.0
23,DML OLS,2,3,0.01620274359591283,0.11041134321801467,0.515434003914053,1.0
24,DML OLS,2,4,0.01620274359591283,0.11041134321801467,0.515434003914053,1.0
25,DML OLS,2,5,0.01620274359591283,0.11041134321801467,0.515434003914053,1.0
26,DML OLS,2,6,0.01620274359591283,0.11041134321801467,0.515434003914053,1.0
27,DML OLS,2,7,0.01620274359591283,0.11041134321801467,0.515434003914053,1.0
28,DML OLS,2,8,0.01620274359591283,0.11041134321801467,0.515434003914053,1.0
29,DML OLS,2,9,0.01620274359591283,0.11041134321801467,0.515434003914053,1.0
30,DML OLS,3,0,0.010419811434236289,0.05000376803360973,0.5441244054516817,1.0
31,DML OLS,3,1,0.010419811434236289,0.05000376803360973,0.5441244054516817,1.0
32,DML OLS,3,2,0.010419811434236289,0.05000376803360973,0.5441244054516817,1.0
33,DML OLS,3,3,0.010419811434236289,0.05000376803360973,0.5441244054516817,1.0
34,DML OLS,3,4,0.010419811434236289,0.05000376803360973,0.5441244054516817,1.0
35,DML OLS,3,5,0.010419811434236289,0.05000376803360973,0.5441244054516817,1.0
36,DML OLS,3,6,0.010419811434236289,0.05000376803360973,0.5441244054516817,1.0
37,DML OLS,3,7,0.010419811434236289,0.05000376803360973,0.5441244054516817,1.0
38,DML OLS,3,8,0.010419811434236289,0.05000376803360973,0.5441244054516817,1.0
39,DML OLS,3,9,0.010419811434236289,0.05000376803360973,0.5441244054516817,1.0
40,DML OLS,4,0,0.011587643727177405,0.08977028870532935,0.5450840452735404,1.0
41,DML OLS,4,1,0.011587643727177405,0.08977028870532935,0.5450840452735404,1.0
42,DML OLS,4,2,0.011587643727177405,0.08977028870532935,0.5450840452735404,1.0
43,DML OLS,4,3,0.011587643727177405,0.08977028870532935,0.5450840452735404,1.0
44,DML OLS,4,4,0.011587643727177405,0.08977028870532935,0.5450840452735404,1.0
45,DML OLS,4,5,0.011587643727177405,0.08977028870532935,0.5450840452735404,1.0
46,DML OLS,4,6,0.011587643727177405,0.08977028870532935,0.5450840452735404,1.0
47,DML OLS,4,7,0.011587643727177405,0.08977028870532935,0.5450840452735404,1.0
48,DML OLS,4,8,0.011587643727177405,0.08977028870532935,0.5450840452735404,1.0
49,DML OLS,4,9,0.011587643727177405,0.08977028870532935,0.5450840452735404,1.0
50,DML OLS,5,0,0.025893335218011748,0.14704503288644344,0.5387559833489718,1.0
51,DML OLS,5,1,0.025893335218011748,0.14704503288644344,0.5387559833489718,1.0
52,DML OLS,5,2,0.025893335218011748,0.14704503288644344,0.5387559833489718,1.0
53,DML OLS,5,3,0.025893335218011748,0.14704503288644344,0.5387559833489718,1.0
54,DML OLS,5,4,0.025893335218011748,0.14704503288644344,0.5387559833489718,1.0
55,DML OLS,5,5,0.025893335218011748,0.14704503288644344,0.5387559833489718,1.0
56,DML OLS,5,6,0.025893335218011748,0.14704503288644344,0.5387559833489718,1.0
57,DML OLS,5,7,0.025893335218011748,0.14704503288644344,0.5387559833489718,1.0
58,DML OLS,5,8,0.025893335218011748,0.14704503288644344,0.5387559833489718,1.0
59,DML OLS,5,9,0.025893335218011748,0.14704503288644344,0.5387559833489718,1.0
60,DML OLS,6,0,0.02402912044020096,0.13910021262364158,0.5531597796910813,1.0
61,DML OLS,6,1,0.02402912044020096,0.13910021262364158,0.5531597796910813,1.0
62,DML OLS,6,2,0.02402912044020096,0.13910021262364158,0.5531597796910813,1.0
63,DML OLS,6,3,0.02402912044020096,0.13910021262364158,0.5531597796910813,1.0
64,DML OLS,6,4,0.02402912044020096,0.13910021262364158,0.5531597796910813,1.0
65,DML OLS,6,5,0.02402912044020096,0.13910021262364158,0.5531597796910813,1.0
66,DML OLS,6,6,0.02402912044020096,0.13910021262364158,0.5531597796910813,1.0
67,DML OLS,6,7,0.02402912044020096,0.13910021262364158,0.5531597796910813,1.0
68,DML OLS,6,8,0.02402912044020096,0.13910021262364158,0.5531597796910813,1.0
69,DML OLS,6,9,0.02402912044020096,0.13910021262364158,0.5531597796910813,1.0
70,DML OLS,7,0,0.023745260159253448,0.14192409906681328,0.5481117930224723,1.0
71,DML OLS,7,1,0.023745260159253448,0.14192409906681328,0.5481117930224723,1.0
72,DML OLS,7,2,0.023745260159253448,0.14192409906681328,0.5481117930224723,1.0
73,DML OLS,7,3,0.023745260159253448,0.14192409906681328,0.5481117930224723,1.0
74,DML OLS,7,4,0.023745260159253448,0.14192409906681328,0.5481117930224723,1.0
75,DML OLS,7,5,0.023745260159253448,0.14192409906681328,0.5481117930224723,1.0
76,DML OLS,7,6,0.023745260159253448,0.14192409906681328,0.5481117930224723,1.0
77,DML OLS,7,7,0.023745260159253448,0.14192409906681328,0.5481117930224723,1.0
78,DML OLS,7,8,0.023745260159253448,0.14192409906681328,0.5481117930224723,1.0
79,DML OLS,7,9,0.023745260159253448,0.14192409906681328,0.5481117930224723,1.0
80,DML OLS,8,0,0.12039874320092525,0.09008103912598667,1.6354674722200488,1.0
81,DML OLS,8,1,0.12039874320092525,0.09008103912598667,1.6354674722200488,1.0
82,DML OLS,8,2,0.12039874320092525,0.09008103912598667,1.6354674722200488,1.0
83,DML OLS,8,3,0.12039874320092525,0.09008103912598667,1.6354674722200488,1.0
84,DML OLS,8,4,0.12039874320092525,0.09008103912598667,1.6354674722200488,1.0
85,DML OLS,8,5,0.12039874320092525,0.09008103912598667,1.6354674722200488,1.0
86,DML OLS,8,6,0.12039874320092525,0.09008103912598667,1.6354674722200488,1.0
87,DML OLS,8,7,0.12039874320092525,0.09008103912598667,1.6354674722200488,1.0
88,DML OLS,8,8,0.12039874320092525,0.09008103912598667,1.6354674722200488,1.0
89,DML OLS,8,9,0.12039874320092525,0.09008103912598667,1.6354674722200488,1.0
90,DML RF,0,0,0.03945632337069466,0.18959468791917455,0.7485817136446207,1.0
91,DML RF,0,1,0.03945632337069466,0.18959468791917455,0.7485817136446207,1.0
92,DML RF,0,2,0.03945632337069466,0.18959468791917455,0.7485817136446207,1.0
93,DML RF,0,3,0.03945632337069466,0.18959468791917455,0.7485817136446207,1.0
94,DML RF,0,4,0.03945632337069466,0.18959468791917455,0.7485817136446207,1.0
95,DML RF,0,5,0.03945632337069466,0.18959468791917455,0.7485817136446207,1.0
96,DML RF,0,6,0.03945632337069466,0.18959468791917455,0.7485817136446207,1.0
97,DML RF,0,7,0.03945632337069466,0.18959468791917455,0.7485817136446207,1.0
98,DML RF,0,8,0.03945632337069466,0.18959468791917455,0.7485817136446207,1.0
99,DML RF,0,9,0.03945632337069466,0.18959468791917455,0.7485817136446207,1.0
100,DML RF,1,0,0.03980490821535989,0.19158361016102252,0.7634269068070008,1.0
101,DML RF,1,1,0.03980490821535989,0.19158361016102252,0.7634269068070008,1.0
102,DML RF,1,2,0.03980490821535989,0.19158361016102252,0.7634269068070008,1.0
103,DML RF,1,3,0.03980490821535989,0.19158361016102252,0.7634269068070008,1.0
104,DML RF,1,4,0.03980490821535989,0.19158361016102252,0.7634269068070008,1.0
105,DML RF,1,5,0.03980490821535989,0.19158361016102252,0.7634269068070008,1.0
106,DML RF,1,6,0.03980490821535989,0.19158361016102252,0.7634269068070008,1.0
107,DML RF,1,7,0.03980490821535989,0.19158361016102252,0.7634269068070008,1.0
108,DML RF,1,8,0.03980490821535989,0.19158361016102252,0.7634269068070008,1.0
109,DML RF,1,9,0.03980490821535989,0.19158361016102252,0.7634269068070008,1.0
110,DML RF,2,0,0.04627002358291929,0.20135347029023168,0.6840226463642043,0.9
111,DML RF,2,1,0.04627002358291929,0.20135347029023168,0.6840226463642043,0.9
112,DML RF,2,2,0.04627002358291929,0.20135347029023168,0.6840226463642043,0.9
113,DML RF,2,3,0.04627002358291929,0.20135347029023168,0.6840226463642043,0.9
114,DML RF,2,4,0.04627002358291929,0.20135347029023168,0.6840226463642043,0.9
115,DML RF,2,5,0.04627002358291929,0.20135347029023168,0.6840226463642043,0.9
116,DML RF,2,6,0.04627002358291929,0.20135347029023168,0.6840226463642043,0.9
117,DML RF,2,7,0.04627002358291929,0.20135347029023168,0.6840226463642043,0.9
118,DML RF,2,8,0.04627002358291929,0.20135347029023168,0.6840226463642043,0.9
119,DML RF,2,9,0.04627002358291929,0.20135347029023168,0.6840226463642043,0.9
120,DML RF,3,0,0.032384103971806535,0.05833424967240656,0.8956495942654945,1.0
121,DML RF,3,1,0.032384103971806535,0.05833424967240656,0.8956495942654945,1.0
122,DML RF,3,2,0.032384103971806535,0.05833424967240656,0.8956495942654945,1.0
123,DML RF,3,3,0.032384103971806535,0.05833424967240656,0.8956495942654945,1.0
124,DML RF,3,4,0.032384103971806535,0.05833424967240656,0.8956495942654945,1.0
125,DML RF,3,5,0.032384103971806535,0.05833424967240656,0.8956495942654945,1.0
126,DML RF,3,6,0.032384103971806535,0.05833424967240656,0.8956495942654945,1.0
127,DML RF,3,7,0.032384103971806535,0.05833424967240656,0.8956495942654945,1.0
128,DML RF,3,8,0.032384103971806535,0.05833424967240656,0.8956495942654945,1.0
129,DML RF,3,9,0.032384103971806535,0.05833424967240656,0.8956495942654945,1.0
130,DML RF,4,0,0.07658360381281182,0.2592277592450525,0.7207033916093419,0.9
131,DML RF,4,1,0.07658360381281182,0.2592277592450525,0.7207033916093419,0.9
132,DML RF,4,2,0.07658360381281182,0.2592277592450525,0.7207033916093419,0.9
133,DML RF,4,3,0.07658360381281182,0.2592277592450525,0.7207033916093419,0.9
134,DML RF,4,4,0.07658360381281182,0.2592277592450525,0.7207033916093419,0.9
135,DML RF,4,5,0.07658360381281182,0.2592277592450525,0.7207033916093419,0.9
136,DML RF,4,6,0.07658360381281182,0.2592277592450525,0.7207033916093419,0.9
137,DML RF,4,7,0.07658360381281182,0.2592277592450525,0.7207033916093419,0.9
138,DML RF,4,8,0.07658360381281182,0.2592277592450525,0.7207033916093419,0.9
139,DML RF,4,9,0.07658360381281182,0.2592277592450525,0.7207033916093419,0.9
140,DML RF,5,0,0.03478521497404519,0.1666319502310627,0.7348670972697544,1.0
141,DML RF,5,1,0.03478521497404519,0.1666319502310627,0.7348670972697544,1.0
142,DML RF,5,2,0.03478521497404519,0.1666319502310627,0.7348670972697544,1.0
143,DML RF,5,3,0.03478521497404519,0.1666319502310627,0.7348670972697544,1.0
144,DML RF,5,4,0.03478521497404519,0.1666319502310627,0.7348670972697544,1.0
145,DML RF,5,5,0.03478521497404519,0.1666319502310627,0.7348670972697544,1.0
146,DML RF,5,6,0.03478521497404519,0.1666319502310627,0.7348670972697544,1.0
147,DML RF,5,7,0.03478521497404519,0.1666319502310627,0.7348670972697544,1.0
148,DML RF,5,8,0.03478521497404519,0.1666319502310627,0.7348670972697544,1.0
149,DML RF,5,9,0.03478521497404519,0.1666319502310627,0.7348670972697544,1.0
150,DML RF,6,0,0.04403871402896223,0.19994777293381577,0.7493792089596528,1.0
151,DML RF,6,1,0.04403871402896223,0.19994777293381577,0.7493792089596528,1.0
152,DML RF,6,2,0.04403871402896223,0.19994777293381577,0.7493792089596528,1.0
153,DML RF,6,3,0.04403871402896223,0.19994777293381577,0.7493792089596528,1.0
154,DML RF,6,4,0.04403871402896223,0.19994777293381577,0.7493792089596528,1.0
155,DML RF,6,5,0.04403871402896223,0.19994777293381577,0.7493792089596528,1.0
156,DML RF,6,6,0.04403871402896223,0.19994777293381577,0.7493792089596528,1.0
157,DML RF,6,7,0.04403871402896223,0.19994777293381577,0.7493792089596528,1.0
158,DML RF,6,8,0.04403871402896223,0.19994777293381577,0.7493792089596528,1.0
159,DML RF,6,9,0.04403871402896223,0.19994777293381577,0.7493792089596528,1.0
160,DML RF,7,0,0.028742540675579926,0.163493403970017,0.7431221123383221,1.0
161,DML RF,7,1,0.028742540675579926,0.163493403970017,0.7431221123383221,1.0
162,DML RF,7,2,0.028742540675579926,0.163493403970017,0.7431221123383221,1.0
163,DML RF,7,3,0.028742540675579926,0.163493403970017,0.7431221123383221,1.0
164,DML RF,7,4,0.028742540675579926,0.163493403970017,0.7431221123383221,1.0
165,DML RF,7,5,0.028742540675579926,0.163493403970017,0.7431221123383221,1.0
166,DML RF,7,6,0.028742540675579926,0.163493403970017,0.7431221123383221,1.0
167,DML RF,7,7,0.028742540675579926,0.163493403970017,0.7431221123383221,1.0
168,DML RF,7,8,0.028742540675579926,0.163493403970017,0.7431221123383221,1.0
169,DML RF,7,9,0.028742540675579926,0.163493403970017,0.7431221123383221,1.0
170,DML RF,8,0,0.1525158603560805,0.1741526668439303,2.010132171357549,1.0
171,DML RF,8,1,0.1525158603560805,0.1741526668439303,2.010132171357549,1.0
172,DML RF,8,2,0.1525158603560805,0.1741526668439303,2.010132171357549,1.0
173,DML RF,8,3,0.1525158603560805,0.1741526668439303,2.010132171357549,1.0
174,DML RF,8,4,0.1525158603560805,0.1741526668439303,2.010132171357549,1.0
175,DML RF,8,5,0.1525158603560805,0.1741526668439303,2.010132171357549,1.0
176,DML RF,8,6,0.1525158603560805,0.1741526668439303,2.010132171357549,1.0
177,DML RF,8,7,0.1525158603560805,0.1741526668439303,2.010132171357549,1.0
178,DML RF,8,8,0.1525158603560805,0.1741526668439303,2.010132171357549,1.0
179,DML RF,8,9,0.1525158603560805,0.1741526668439303,2.010132171357549,1.0
180,DML AML,0,0,0.0044895969769202905,0.04333681836330221,0.5615825569376935,1.0
181,DML AML,0,1,0.0044895969769202905,0.04333681836330221,0.5615825569376935,1.0
182,DML AML,0,2,0.0044895969769202905,0.04333681836330221,0.5615825569376935,1.0
183,DML AML,0,3,0.0044895969769202905,0.04333681836330221,0.5615825569376935,1.0
184,DML AML,0,4,0.0044895969769202905,0.04333681836330221,0.5615825569376935,1.0
185,DML AML,0,5,0.0044895969769202905,0.04333681836330221,0.5615825569376935,1.0
186,DML AML,0,6,0.0044895969769202905,0.04333681836330221,0.5615825569376935,1.0
187,DML AML,0,7,0.0044895969769202905,0.04333681836330221,0.5615825569376935,1.0
188,DML AML,0,8,0.0044895969769202905,0.04333681836330221,0.5615825569376935,1.0
189,DML AML,0,9,0.0044895969769202905,0.04333681836330221,0.5615825569376935,1.0
190,DML AML,1,0,0.0035844083175183054,0.03708687863831562,0.5676327730804986,1.0
191,DML AML,1,1,0.0035844083175183054,0.03708687863831562,0.5676327730804986,1.0
192,DML AML,1,2,0.0035844083175183054,0.03708687863831562,0.5676327730804986,1.0
193,DML AML,1,3,0.0035844083175183054,0.03708687863831562,0.5676327730804986,1.0
194,DML AML,1,4,0.0035844083175183054,0.03708687863831562,0.5676327730804986,1.0
195,DML AML,1,5,0.0035844083175183054,0.03708687863831562,0.5676327730804986,1.0
196,DML AML,1,6,0.0035844083175183054,0.03708687863831562,0.5676327730804986,1.0
197,DML AML,1,7,0.0035844083175183054,0.03708687863831562,0.5676327730804986,1.0
198,DML AML,1,8,0.0035844083175183054,0.03708687863831562,0.5676327730804986,1.0
199,DML AML,1,9,0.0035844083175183054,0.03708687863831562,0.5676327730804986,1.0
200,DML AML,2,0,0.004902752189835633,0.030269548972926906,0.5147157006280233,1.0
201,DML AML,2,1,0.004902752189835633,0.030269548972926906,0.5147157006280233,1.0
202,DML AML,2,2,0.004902752189835633,0.030269548972926906,0.5147157006280233,1.0
203,DML AML,2,3,0.004902752189835633,0.030269548972926906,0.5147157006280233,1.0
204,DML AML,2,4,0.004902752189835633,0.030269548972926906,0.5147157006280233,1.0
205,DML AML,2,5,0.004902752189835633,0.030269548972926906,0.5147157006280233,1.0
206,DML AML,2,6,0.004902752189835633,0.030269548972926906,0.5147157006280233,1.0
207,DML AML,2,7,0.004902752189835633,0.030269548972926906,0.5147157006280233,1.0
208,DML AML,2,8,0.004902752189835633,0.030269548972926906,0.5147157006280233,1.0
209,DML AML,2,9,0.004902752189835633,0.030269548972926906,0.5147157006280233,1.0
210,DML AML,3,0,0.015031846922080806,0.02110186315022956,0.6474765151663815,1.0
211,DML AML,3,1,0.015031846922080806,0.02110186315022956,0.6474765151663815,1.0
212,DML AML,3,2,0.015031846922080806,0.02110186315022956,0.6474765151663815,1.0
213,DML AML,3,3,0.015031846922080806,0.02110186315022956,0.6474765151663815,1.0
214,DML AML,3,4,0.015031846922080806,0.02110186315022956,0.6474765151663815,1.0
215,DML AML,3,5,0.015031846922080806,0.02110186315022956,0.6474765151663815,1.0
216,DML AML,3,6,0.015031846922080806,0.02110186315022956,0.6474765151663815,1.0
217,DML AML,3,7,0.015031846922080806,0.02110186315022956,0.6474765151663815,1.0
218,DML AML,3,8,0.015031846922080806,0.02110186315022956,0.6474765151663815,1.0
219,DML AML,3,9,0.015031846922080806,0.02110186315022956,0.6474765151663815,1.0
220,DML AML,4,0,0.03892384702995717,0.19079341455627788,0.5479954759296785,1.0
221,DML AML,4,1,0.03892384702995717,0.19079341455627788,0.5479954759296785,1.0
222,DML AML,4,2,0.03892384702995717,0.19079341455627788,0.5479954759296785,1.0
223,DML AML,4,3,0.03892384702995717,0.19079341455627788,0.5479954759296785,1.0
224,DML AML,4,4,0.03892384702995717,0.19079341455627788,0.5479954759296785,1.0
225,DML AML,4,5,0.03892384702995717,0.19079341455627788,0.5479954759296785,1.0
226,DML AML,4,6,0.03892384702995717,0.19079341455627788,0.5479954759296785,1.0
227,DML AML,4,7,0.03892384702995717,0.19079341455627788,0.5479954759296785,1.0
228,DML AML,4,8,0.03892384702995717,0.19079341455627788,0.5479954759296785,1.0
229,DML AML,4,9,0.03892384702995717,0.19079341455627788,0.5479954759296785,1.0
230,DML AML,5,0,0.0036783007255144886,0.03214393710629584,0.5485306401573197,1.0
231,DML AML,5,1,0.0036783007255144886,0.03214393710629584,0.5485306401573197,1.0
232,DML AML,5,2,0.0036783007255144886,0.03214393710629584,0.5485306401573197,1.0
233,DML AML,5,3,0.0036783007255144886,0.03214393710629584,0.5485306401573197,1.0
234,DML AML,5,4,0.0036783007255144886,0.03214393710629584,0.5485306401573197,1.0
235,DML AML,5,5,0.0036783007255144886,0.03214393710629584,0.5485306401573197,1.0
236,DML AML,5,6,0.0036783007255144886,0.03214393710629584,0.5485306401573197,1.0
237,DML AML,5,7,0.0036783007255144886,0.03214393710629584,0.5485306401573197,1.0
238,DML AML,5,8,0.0036783007255144886,0.03214393710629584,0.5485306401573197,1.0
239,DML AML,5,9,0.0036783007255144886,0.03214393710629584,0.5485306401573197,1.0
240,DML AML,6,0,0.003878798013325459,0.03508320022805957,0.5623289098271629,1.0
241,DML AML,6,1,0.003878798013325459,0.03508320022805957,0.5623289098271629,1.0
242,DML AML,6,2,0.003878798013325459,0.03508320022805957,0.5623289098271629,1.0
243,DML AML,6,3,0.003878798013325459,0.03508320022805957,0.5623289098271629,1.0
244,DML AML,6,4,0.003878798013325459,0.03508320022805957,0.5623289098271629,1.0
245,DML AML,6,5,0.003878798013325459,0.03508320022805957,0.5623289098271629,1.0
246,DML AML,6,6,0.003878798013325459,0.03508320022805957,0.5623289098271629,1.0
247,DML AML,6,7,0.003878798013325459,0.03508320022805957,0.5623289098271629,1.0
248,DML AML,6,8,0.003878798013325459,0.03508320022805957,0.5623289098271629,1.0
249,DML AML,6,9,0.003878798013325459,0.03508320022805957,0.5623289098271629,1.0
250,DML AML,7,0,0.0029556978434426367,0.026407699382401405,0.5557661887133444,1.0
251,DML AML,7,1,0.0029556978434426367,0.026407699382401405,0.5557661887133444,1.0
252,DML AML,7,2,0.0029556978434426367,0.026407699382401405,0.5557661887133444,1.0
253,DML AML,7,3,0.0029556978434426367,0.026407699382401405,0.5557661887133444,1.0
254,DML AML,7,4,0.0029556978434426367,0.026407699382401405,0.5557661887133444,1.0
255,DML AML,7,5,0.0029556978434426367,0.026407699382401405,0.5557661887133444,1.0
256,DML AML,7,6,0.0029556978434426367,0.026407699382401405,0.5557661887133444,1.0
257,DML AML,7,7,0.0029556978434426367,0.026407699382401405,0.5557661887133444,1.0
258,DML AML,7,8,0.0029556978434426367,0.026407699382401405,0.5557661887133444,1.0
259,DML AML,7,9,0.0029556978434426367,0.026407699382401405,0.5557661887133444,1.0
260,DML AML,8,0,0.1383203176958211,0.048701356176156396,1.5056933329403646,1.0
261,DML AML,8,1,0.1383203176958211,0.048701356176156396,1.5056933329403646,1.0
262,DML AML,8,2,0.1383203176958211,0.048701356176156396,1.5056933329403646,1.0
263,DML AML,8,3,0.1383203176958211,0.048701356176156396,1.5056933329403646,1.0
264,DML AML,8,4,0.1383203176958211,0.048701356176156396,1.5056933329403646,1.0
265,DML AML,8,5,0.1383203176958211,0.048701356176156396,1.5056933329403646,1.0
266,DML AML,8,6,0.1383203176958211,0.048701356176156396,1.5056933329403646,1.0
267,DML AML,8,7,0.1383203176958211,0.048701356176156396,1.5056933329403646,1.0
268,DML AML,8,8,0.1383203176958211,0.048701356176156396,1.5056933329403646,1.0
269,DML AML,8,9,0.1383203176958211,0.048701356176156396,1.5056933329403646,1.0
270,CF,0,0,0.020379613415247085,0.13334246434698432,0.5635311126479999,1.0
271,CF,0,1,0.020379613415247085,0.13334246434698432,0.5635311126479999,1.0
272,CF,0,2,0.020379613415247085,0.13334246434698432,0.5635311126479999,1.0
273,CF,0,3,0.020379613415247085,0.13334246434698432,0.5635311126479999,1.0
274,CF,0,4,0.020379613415247085,0.13334246434698432,0.5635311126479999,1.0
275,CF,0,5,0.020379613415247085,0.13334246434698432,0.5635311126479999,1.0
276,CF,0,6,0.020379613415247085,0.13334246434698432,0.5635311126479999,1.0
277,CF,0,7,0.020379613415247085,0.13334246434698432,0.5635311126479999,1.0
278,CF,0,8,0.020379613415247085,0.13334246434698432,0.5635311126479999,1.0
279,CF,0,9,0.020379613415247085,0.13334246434698432,0.5635311126479999,1.0
280,CF,1,0,0.015531743274919078,0.11430218361222214,0.569229684856,1.0
281,CF,1,1,0.015531743274919078,0.11430218361222214,0.569229684856,1.0
282,CF,1,2,0.015531743274919078,0.11430218361222214,0.569229684856,1.0
283,CF,1,3,0.015531743274919078,0.11430218361222214,0.569229684856,1.0
284,CF,1,4,0.015531743274919078,0.11430218361222214,0.569229684856,1.0
285,CF,1,5,0.015531743274919078,0.11430218361222214,0.569229684856,1.0
286,CF,1,6,0.015531743274919078,0.11430218361222214,0.569229684856,1.0
287,CF,1,7,0.015531743274919078,0.11430218361222214,0.569229684856,1.0
288,CF,1,8,0.015531743274919078,0.11430218361222214,0.569229684856,1.0
289,CF,1,9,0.015531743274919078,0.11430218361222214,0.569229684856,1.0
290,CF,2,0,0.019588942920205216,0.12585329058881795,0.510467771184,1.0
291,CF,2,1,0.019588942920205216,0.12585329058881795,0.510467771184,1.0
292,CF,2,2,0.019588942920205216,0.12585329058881795,0.510467771184,1.0
293,CF,2,3,0.019588942920205216,0.12585329058881795,0.510467771184,1.0
294,CF,2,4,0.019588942920205216,0.12585329058881795,0.510467771184,1.0
295,CF,2,5,0.019588942920205216,0.12585329058881795,0.510467771184,1.0
296,CF,2,6,0.019588942920205216,0.12585329058881795,0.510467771184,1.0
297,CF,2,7,0.019588942920205216,0.12585329058881795,0.510467771184,1.0
298,CF,2,8,0.019588942920205216,0.12585329058881795,0.510467771184,1.0
299,CF,2,9,0.019588942920205216,0.12585329058881795,0.510467771184,1.0
300,CF,3,0,0.016113282508153234,0.01736505927318176,0.6489887896240002,1.0
301,CF,3,1,0.016113282508153234,0.01736505927318176,0.6489887896240002,1.0
302,CF,3,2,0.016113282508153234,0.01736505927318176,0.6489887896240002,1.0
303,CF,3,3,0.016113282508153234,0.01736505927318176,0.6489887896240002,1.0
304,CF,3,4,0.016113282508153234,0.01736505927318176,0.6489887896240002,1.0
305,CF,3,5,0.016113282508153234,0.01736505927318176,0.6489887896240002,1.0
306,CF,3,6,0.016113282508153234,0.01736505927318176,0.6489887896240002,1.0
307,CF,3,7,0.016113282508153234,0.01736505927318176,0.6489887896240002,1.0
308,CF,3,8,0.016113282508153234,0.01736505927318176,0.6489887896240002,1.0
309,CF,3,9,0.016113282508153234,0.01736505927318176,0.6489887896240002,1.0
310,CF,4,0,0.12169232604667939,0.34462232848667057,0.5521256523439999,1.0
311,CF,4,1,0.12169232604667939,0.34462232848667057,0.5521256523439999,1.0
312,CF,4,2,0.12169232604667939,0.34462232848667057,0.5521256523439999,1.0
313,CF,4,3,0.12169232604667939,0.34462232848667057,0.5521256523439999,1.0
314,CF,4,4,0.12169232604667939,0.34462232848667057,0.5521256523439999,1.0
315,CF,4,5,0.12169232604667939,0.34462232848667057,0.5521256523439999,1.0
316,CF,4,6,0.12169232604667939,0.34462232848667057,0.5521256523439999,1.0
317,CF,4,7,0.12169232604667939,0.34462232848667057,0.5521256523439999,1.0
318,CF,4,8,0.12169232604667939,0.34462232848667057,0.5521256523439999,1.0
319,CF,4,9,0.12169232604667939,0.34462232848667057,0.5521256523439999,1.0
320,CF,5,0,0.01072681713935353,0.08659592591950335,0.5497631040160003,1.0
321,CF,5,1,0.01072681713935353,0.08659592591950335,0.5497631040160003,1.0
322,CF,5,2,0.01072681713935353,0.08659592591950335,0.5497631040160003,1.0
323,CF,5,3,0.01072681713935353,0.08659592591950335,0.5497631040160003,1.0
324,CF,5,4,0.01072681713935353,0.08659592591950335,0.5497631040160003,1.0
325,CF,5,5,0.01072681713935353,0.08659592591950335,0.5497631040160003,1.0
326,CF,5,6,0.01072681713935353,0.08659592591950335,0.5497631040160003,1.0
327,CF,5,7,0.01072681713935353,0.08659592591950335,0.5497631040160003,1.0
328,CF,5,8,0.01072681713935353,0.08659592591950335,0.5497631040160003,1.0
329,CF,5,9,0.01072681713935353,0.08659592591950335,0.5497631040160003,1.0
330,CF,6,0,0.014784744724703952,0.10896302249515144,0.5614047533360003,1.0
331,CF,6,1,0.014784744724703952,0.10896302249515144,0.5614047533360003,1.0
332,CF,6,2,0.014784744724703952,0.10896302249515144,0.5614047533360003,1.0
333,CF,6,3,0.014784744724703952,0.10896302249515144,0.5614047533360003,1.0
334,CF,6,4,0.014784744724703952,0.10896302249515144,0.5614047533360003,1.0
335,CF,6,5,0.014784744724703952,0.10896302249515144,0.5614047533360003,1.0
336,CF,6,6,0.014784744724703952,0.10896302249515144,0.5614047533360003,1.0
337,CF,6,7,0.014784744724703952,0.10896302249515144,0.5614047533360003,1.0
338,CF,6,8,0.014784744724703952,0.10896302249515144,0.5614047533360003,1.0
339,CF,6,9,0.014784744724703952,0.10896302249515144,0.5614047533360003,1.0
340,CF,7,0,0.0182576194762445,0.12756443050370775,0.5559324106000001,1.0
341,CF,7,1,0.0182576194762445,0.12756443050370775,0.5559324106000001,1.0
342,CF,7,2,0.0182576194762445,0.12756443050370775,0.5559324106000001,1.0
343,CF,7,3,0.0182576194762445,0.12756443050370775,0.5559324106000001,1.0
344,CF,7,4,0.0182576194762445,0.12756443050370775,0.5559324106000001,1.0
345,CF,7,5,0.0182576194762445,0.12756443050370775,0.5559324106000001,1.0
346,CF,7,6,0.0182576194762445,0.12756443050370775,0.5559324106000001,1.0
347,CF,7,7,0.0182576194762445,0.12756443050370775,0.5559324106000001,1.0
348,CF,7,8,0.0182576194762445,0.12756443050370775,0.5559324106000001,1.0
349,CF,7,9,0.0182576194762445,0.12756443050370775,0.5559324106000001,1.0
350,CF,8,0,0.11616998477178786,0.13235196284698433,1.497805111152,1.0
351,CF,8,1,0.11616998477178786,0.13235196284698433,1.497805111152,1.0
352,CF,8,2,0.11616998477178786,0.13235196284698433,1.497805111152,1.0
353,CF,8,3,0.11616998477178786,0.13235196284698433,1.497805111152,1.0
354,CF,8,4,0.11616998477178786,0.13235196284698433,1.497805111152,1.0
355,CF,8,5,0.11616998477178786,0.13235196284698433,1.497805111152,1.0
356,CF,8,6,0.11616998477178786,0.13235196284698433,1.497805111152,1.0
357,CF,8,7,0.11616998477178786,0.13235196284698433,1.497805111152,1.0
358,CF,8,8,0.11616998477178786,0.13235196284698433,1.497805111152,1.0
359,CF,8,9,0.11616998477178786,0.13235196284698433,1.497805111152,1.0
360,BART,0,0,0.01073021603414782,0.0821792108729527,0.6205537973181205,1.0
361,BART,0,1,0.01073021603414782,0.0821792108729527,0.6205537973181205,1.0
362,BART,0,2,0.01073021603414782,0.0821792108729527,0.6205537973181205,1.0
363,BART,0,3,0.01073021603414782,0.0821792108729527,0.6205537973181205,1.0
364,BART,0,4,0.01073021603414782,0.0821792108729527,0.6205537973181205,1.0
365,BART,0,5,0.01073021603414782,0.0821792108729527,0.6205537973181205,1.0
366,BART,0,6,0.01073021603414782,0.0821792108729527,0.6205537973181205,1.0
367,BART,0,7,0.01073021603414782,0.0821792108729527,0.6205537973181205,1.0
368,BART,0,8,0.01073021603414782,0.0821792108729527,0.6205537973181205,1.0
369,BART,0,9,0.01073021603414782,0.0821792108729527,0.6205537973181205,1.0
370,BART,1,0,0.0028928940679645017,0.0075192683210332815,0.4886227354384559,1.0
371,BART,1,1,0.0028928940679645017,0.0075192683210332815,0.4886227354384559,1.0
372,BART,1,2,0.0028928940679645017,0.0075192683210332815,0.4886227354384559,1.0
373,BART,1,3,0.0028928940679645017,0.0075192683210332815,0.4886227354384559,1.0
374,BART,1,4,0.0028928940679645017,0.0075192683210332815,0.4886227354384559,1.0
375,BART,1,5,0.0028928940679645017,0.0075192683210332815,0.4886227354384559,1.0
376,BART,1,6,0.0028928940679645017,0.0075192683210332815,0.4886227354384559,1.0
377,BART,1,7,0.0028928940679645017,0.0075192683210332815,0.4886227354384559,1.0
378,BART,1,8,0.0028928940679645017,0.0075192683210332815,0.4886227354384559,1.0
379,BART,1,9,0.0028928940679645017,0.0075192683210332815,0.4886227354384559,1.0
380,BART,2,0,0.008917983426680227,0.07753862315838597,0.6181177073599501,1.0
381,BART,2,1,0.008917983426680227,0.07753862315838597,0.6181177073599501,1.0
382,BART,2,2,0.008917983426680227,0.07753862315838597,0.6181177073599501,1.0
383,BART,2,3,0.008917983426680227,0.07753862315838597,0.6181177073599501,1.0
384,BART,2,4,0.008917983426680227,0.07753862315838597,0.6181177073599501,1.0
385,BART,2,5,0.008917983426680227,0.07753862315838597,0.6181177073599501,1.0
386,BART,2,6,0.008917983426680227,0.07753862315838597,0.6181177073599501,1.0
387,BART,2,7,0.008917983426680227,0.07753862315838597,0.6181177073599501,1.0
388,BART,2,8,0.008917983426680227,0.07753862315838597,0.6181177073599501,1.0
389,BART,2,9,0.008917983426680227,0.07753862315838597,0.6181177073599501,1.0
390,BART,3,0,0.016965609531226753,0.010138838454667353,0.6458982612138963,1.0
391,BART,3,1,0.016965609531226753,0.010138838454667353,0.6458982612138963,1.0
392,BART,3,2,0.016965609531226753,0.010138838454667353,0.6458982612138963,1.0
393,BART,3,3,0.016965609531226753,0.010138838454667353,0.6458982612138963,1.0
394,BART,3,4,0.016965609531226753,0.010138838454667353,0.6458982612138963,1.0
395,BART,3,5,0.016965609531226753,0.010138838454667353,0.6458982612138963,1.0
396,BART,3,6,0.016965609531226753,0.010138838454667353,0.6458982612138963,1.0
397,BART,3,7,0.016965609531226753,0.010138838454667353,0.6458982612138963,1.0
398,BART,3,8,0.016965609531226753,0.010138838454667353,0.6458982612138963,1.0
399,BART,3,9,0.016965609531226753,0.010138838454667353,0.6458982612138963,1.0
400,BART,4,0,0.10597676858979406,0.31603211017337646,0.691372396753141,0.4
401,BART,4,1,0.10597676858979406,0.31603211017337646,0.691372396753141,0.4
402,BART,4,2,0.10597676858979406,0.31603211017337646,0.691372396753141,0.4
403,BART,4,3,0.10597676858979406,0.31603211017337646,0.691372396753141,0.4
404,BART,4,4,0.10597676858979406,0.31603211017337646,0.691372396753141,0.4
405,BART,4,5,0.10597676858979406,0.31603211017337646,0.691372396753141,0.4
406,BART,4,6,0.10597676858979406,0.31603211017337646,0.691372396753141,0.4
407,BART,4,7,0.10597676858979406,0.31603211017337646,0.691372396753141,0.4
408,BART,4,8,0.10597676858979406,0.31603211017337646,0.691372396753141,0.4
409,BART,4,9,0.10597676858979406,0.31603211017337646,0.691372396753141,0.4
410,BART,5,0,0.003128668332516603,0.020132275911495377,0.6212462388061261,1.0
411,BART,5,1,0.003128668332516603,0.020132275911495377,0.6212462388061261,1.0
412,BART,5,2,0.003128668332516603,0.020132275911495377,0.6212462388061261,1.0
413,BART,5,3,0.003128668332516603,0.020132275911495377,0.6212462388061261,1.0
414,BART,5,4,0.003128668332516603,0.020132275911495377,0.6212462388061261,1.0
415,BART,5,5,0.003128668332516603,0.020132275911495377,0.6212462388061261,1.0
416,BART,5,6,0.003128668332516603,0.020132275911495377,0.6212462388061261,1.0
417,BART,5,7,0.003128668332516603,0.020132275911495377,0.6212462388061261,1.0
418,BART,5,8,0.003128668332516603,0.020132275911495377,0.6212462388061261,1.0
419,BART,5,9,0.003128668332516603,0.020132275911495377,0.6212462388061261,1.0
420,BART,6,0,0.0033464509763923337,0.021283801056771433,0.6152068922316913,1.0
421,BART,6,1,0.0033464509763923337,0.021283801056771433,0.6152068922316913,1.0
422,BART,6,2,0.0033464509763923337,0.021283801056771433,0.6152068922316913,1.0
423,BART,6,3,0.0033464509763923337,0.021283801056771433,0.6152068922316913,1.0
424,BART,6,4,0.0033464509763923337,0.021283801056771433,0.6152068922316913,1.0
425,BART,6,5,0.0033464509763923337,0.021283801056771433,0.6152068922316913,1.0
426,BART,6,6,0.0033464509763923337,0.021283801056771433,0.6152068922316913,1.0
427,BART,6,7,0.0033464509763923337,0.021283801056771433,0.6152068922316913,1.0
428,BART,6,8,0.0033464509763923337,0.021283801056771433,0.6152068922316913,1.0
429,BART,6,9,0.0033464509763923337,0.021283801056771433,0.6152068922316913,1.0
430,BART,7,0,0.008759586715093711,0.0763934735915835,0.6209886022494023,1.0
431,BART,7,1,0.008759586715093711,0.0763934735915835,0.6209886022494023,1.0
432,BART,7,2,0.008759586715093711,0.0763934735915835,0.6209886022494023,1.0
433,BART,7,3,0.008759586715093711,0.0763934735915835,0.6209886022494023,1.0
434,BART,7,4,0.008759586715093711,0.0763934735915835,0.6209886022494023,1.0
435,BART,7,5,0.008759586715093711,0.0763934735915835,0.6209886022494023,1.0
436,BART,7,6,0.008759586715093711,0.0763934735915835,0.6209886022494023,1.0
437,BART,7,7,0.008759586715093711,0.0763934735915835,0.6209886022494023,1.0
438,BART,7,8,0.008759586715093711,0.0763934735915835,0.6209886022494023,1.0
439,BART,7,9,0.008759586715093711,0.0763934735915835,0.6209886022494023,1.0
440,BART,8,0,0.09207147226507392,0.042992003499539536,1.495511263626216,0.7
441,BART,8,1,0.09207147226507392,0.042992003499539536,1.495511263626216,0.7
442,BART,8,2,0.09207147226507392,0.042992003499539536,1.495511263626216,0.7
443,BART,8,3,0.09207147226507392,0.042992003499539536,1.495511263626216,0.7
444,BART,8,4,0.09207147226507392,0.042992003499539536,1.495511263626216,0.7
445,BART,8,5,0.09207147226507392,0.042992003499539536,1.495511263626216,0.7
446,BART,8,6,0.09207147226507392,0.042992003499539536,1.495511263626216,0.7
447,BART,8,7,0.09207147226507392,0.042992003499539536,1.495511263626216,0.7
448,BART,8,8,0.09207147226507392,0.042992003499539536,1.495511263626216,0.7
449,BART,8,9,0.09207147226507392,0.042992003499539536,1.495511263626216,0.7
450,BCF,0,0,0.011795057287438427,0.08890678225858864,0.5104741599999999,0.9
451,BCF,0,1,0.011795057287438427,0.08890678225858864,0.5104741599999999,0.9
452,BCF,0,2,0.011795057287438427,0.08890678225858864,0.5104741599999999,0.9
453,BCF,0,3,0.011795057287438427,0.08890678225858864,0.5104741599999999,0.9
454,BCF,0,4,0.011795057287438427,0.08890678225858864,0.5104741599999999,0.9
455,BCF,0,5,0.011795057287438427,0.08890678225858864,0.5104741599999999,0.9
456,BCF,0,6,0.011795057287438427,0.08890678225858864,0.5104741599999999,0.9
457,BCF,0,7,0.011795057287438427,0.08890678225858864,0.5104741599999999,0.9
458,BCF,0,8,0.011795057287438427,0.08890678225858864,0.5104741599999999,0.9
459,BCF,0,9,0.011795057287438427,0.08890678225858864,0.5104741599999999,0.9
460,BCF,1,0,0.007211928625851965,0.05130789651342784,0.49214031999999996,1.0
461,BCF,1,1,0.007211928625851965,0.05130789651342784,0.49214031999999996,1.0
462,BCF,1,2,0.007211928625851965,0.05130789651342784,0.49214031999999996,1.0
463,BCF,1,3,0.007211928625851965,0.05130789651342784,0.49214031999999996,1.0
464,BCF,1,4,0.007211928625851965,0.05130789651342784,0.49214031999999996,1.0
465,BCF,1,5,0.007211928625851965,0.05130789651342784,0.49214031999999996,1.0
466,BCF,1,6,0.007211928625851965,0.05130789651342784,0.49214031999999996,1.0
467,BCF,1,7,0.007211928625851965,0.05130789651342784,0.49214031999999996,1.0
468,BCF,1,8,0.007211928625851965,0.05130789651342784,0.49214031999999996,1.0
469,BCF,1,9,0.007211928625851965,0.05130789651342784,0.49214031999999996,1.0
470,BCF,2,0,0.007977300988858954,0.04900960131580119,0.5682824000000001,1.0
471,BCF,2,1,0.007977300988858954,0.04900960131580119,0.5682824000000001,1.0
472,BCF,2,2,0.007977300988858954,0.04900960131580119,0.5682824000000001,1.0
473,BCF,2,3,0.007977300988858954,0.04900960131580119,0.5682824000000001,1.0
474,BCF,2,4,0.007977300988858954,0.04900960131580119,0.5682824000000001,1.0
475,BCF,2,5,0.007977300988858954,0.04900960131580119,0.5682824000000001,1.0
476,BCF,2,6,0.007977300988858954,0.04900960131580119,0.5682824000000001,1.0
477,BCF,2,7,0.007977300988858954,0.04900960131580119,0.5682824000000001,1.0
478,BCF,2,8,0.007977300988858954,0.04900960131580119,0.5682824000000001,1.0
479,BCF,2,9,0.007977300988858954,0.04900960131580119,0.5682824000000001,1.0
480,BCF,3,0,0.015154383384390879,0.010049356002992293,0.5749268,1.0
481,BCF,3,1,0.015154383384390879,0.010049356002992293,0.5749268,1.0
482,BCF,3,2,0.015154383384390879,0.010049356002992293,0.5749268,1.0
483,BCF,3,3,0.015154383384390879,0.010049356002992293,0.5749268,1.0
484,BCF,3,4,0.015154383384390879,0.010049356002992293,0.5749268,1.0
485,BCF,3,5,0.015154383384390879,0.010049356002992293,0.5749268,1.0
486,BCF,3,6,0.015154383384390879,0.010049356002992293,0.5749268,1.0
487,BCF,3,7,0.015154383384390879,0.010049356002992293,0.5749268,1.0
488,BCF,3,8,0.015154383384390879,0.010049356002992293,0.5749268,1.0
489,BCF,3,9,0.015154383384390879,0.010049356002992293,0.5749268,1.0
490,BCF,4,0,0.1308201646664364,0.3564005026510132,0.52815728,0.1
491,BCF,4,1,0.1308201646664364,0.3564005026510132,0.52815728,0.1
492,BCF,4,2,0.1308201646664364,0.3564005026510132,0.52815728,0.1
493,BCF,4,3,0.1308201646664364,0.3564005026510132,0.52815728,0.1
494,BCF,4,4,0.1308201646664364,0.3564005026510132,0.52815728,0.1
495,BCF,4,5,0.1308201646664364,0.3564005026510132,0.52815728,0.1
496,BCF,4,6,0.1308201646664364,0.3564005026510132,0.52815728,0.1
497,BCF,4,7,0.1308201646664364,0.3564005026510132,0.52815728,0.1
498,BCF,4,8,0.1308201646664364,0.3564005026510132,0.52815728,0.1
499,BCF,4,9,0.1308201646664364,0.3564005026510132,0.52815728,0.1
500,BCF,5,0,0.006809519861118922,0.03539779918546153,0.5284512800000001,1.0
501,BCF,5,1,0.006809519861118922,0.03539779918546153,0.5284512800000001,1.0
502,BCF,5,2,0.006809519861118922,0.03539779918546153,0.5284512800000001,1.0
503,BCF,5,3,0.006809519861118922,0.03539779918546153,0.5284512800000001,1.0
504,BCF,5,4,0.006809519861118922,0.03539779918546153,0.5284512800000001,1.0
505,BCF,5,5,0.006809519861118922,0.03539779918546153,0.5284512800000001,1.0
506,BCF,5,6,0.006809519861118922,0.03539779918546153,0.5284512800000001,1.0
507,BCF,5,7,0.006809519861118922,0.03539779918546153,0.5284512800000001,1.0
508,BCF,5,8,0.006809519861118922,0.03539779918546153,0.5284512800000001,1.0
509,BCF,5,9,0.006809519861118922,0.03539779918546153,0.5284512800000001,1.0
510,BCF,6,0,0.009296062687052378,0.06800685805846145,0.5336335199999999,1.0
511,BCF,6,1,0.009296062687052378,0.06800685805846145,0.5336335199999999,1.0
512,BCF,6,2,0.009296062687052378,0.06800685805846145,0.5336335199999999,1.0
513,BCF,6,3,0.009296062687052378,0.06800685805846145,0.5336335199999999,1.0
514,BCF,6,4,0.009296062687052378,0.06800685805846145,0.5336335199999999,1.0
515,BCF,6,5,0.009296062687052378,0.06800685805846145,0.5336335199999999,1.0
516,BCF,6,6,0.009296062687052378,0.06800685805846145,0.5336335199999999,1.0
517,BCF,6,7,0.009296062687052378,0.06800685805846145,0.5336335199999999,1.0
518,BCF,6,8,0.009296062687052378,0.06800685805846145,0.5336335199999999,1.0
519,BCF,6,9,0.009296062687052378,0.06800685805846145,0.5336335199999999,1.0
520,BCF,7,0,0.007367939757865674,0.06717964547073249,0.5492625600000001,1.0
521,BCF,7,1,0.007367939757865674,0.06717964547073249,0.5492625600000001,1.0
522,BCF,7,2,0.007367939757865674,0.06717964547073249,0.5492625600000001,1.0
523,BCF,7,3,0.007367939757865674,0.06717964547073249,0.5492625600000001,1.0
524,BCF,7,4,0.007367939757865674,0.06717964547073249,0.5492625600000001,1.0
525,BCF,7,5,0.007367939757865674,0.06717964547073249,0.5492625600000001,1.0
526,BCF,7,6,0.007367939757865674,0.06717964547073249,0.5492625600000001,1.0
527,BCF,7,7,0.007367939757865674,0.06717964547073249,0.5492625600000001,1.0
528,BCF,7,8,0.007367939757865674,0.06717964547073249,0.5492625600000001,1.0
529,BCF,7,9,0.007367939757865674,0.06717964547073249,0.5492625600000001,1.0
530,BCF,8,0,0.09121753379649697,0.17396646662118703,1.4219133599999998,1.0
531,BCF,8,1,0.09121753379649697,0.17396646662118703,1.4219133599999998,1.0
532,BCF,8,2,0.09121753379649697,0.17396646662118703,1.4219133599999998,1.0
533,BCF,8,3,0.09121753379649697,0.17396646662118703,1.4219133599999998,1.0
534,BCF,8,4,0.09121753379649697,0.17396646662118703,1.4219133599999998,1.0
535,BCF,8,5,0.09121753379649697,0.17396646662118703,1.4219133599999998,1.0
536,BCF,8,6,0.09121753379649697,0.17396646662118703,1.4219133599999998,1.0
537,BCF,8,7,0.09121753379649697,0.17396646662118703,1.4219133599999998,1.0
538,BCF,8,8,0.09121753379649697,0.17396646662118703,1.4219133599999998,1.0
539,BCF,8,9,0.09121753379649697,0.17396646662118703,1.4219133599999998,1.0
