,estimator,DGP,dataset,mse,r2,mab
0,T OLS,0,0,2.813291081,-0.118455274,0.955858799
1,T OLS,0,1,2.85586804,-0.115498784,0.955858799
2,T OLS,0,2,3.201523819,-0.261031919,0.955858799
3,T OLS,0,3,3.101564174,-0.208770071,0.955858799
4,T OLS,0,4,3.194485606,-0.264795695,0.955858799
5,T OLS,0,5,3.186106667,-0.252364459,0.955858799
6,T OLS,0,6,3.418608694,-0.35295516,0.955858799
7,T OLS,0,7,3.267371938,-0.304549566,0.955858799
8,T OLS,0,8,3.164504462,-0.250631059,0.955858799
9,T OLS,0,9,2.685436478,-0.060096027,0.955858799
10,T OLS,1,0,1.754720187,-1.120282371,0.59761662
11,T OLS,1,1,1.750546685,-1.112523429,0.59761662
12,T OLS,1,2,2.098635532,-1.536542251,0.59761662
13,T OLS,1,3,2.122300395,-1.586927833,0.59761662
14,T OLS,1,4,2.083583569,-1.529236569,0.59761662
15,T OLS,1,5,2.063575621,-1.482547978,0.59761662
16,T OLS,1,6,2.376216598,-1.912437275,0.59761662
17,T OLS,1,7,2.35694479,-1.914665189,0.59761662
18,T OLS,1,8,2.178848673,-1.624005907,0.59761662
19,T OLS,1,9,1.678937143,-1.040730652,0.59761662
20,T OLS,2,0,25.10326382,0.264610896,3.599478558
21,T OLS,2,1,24.95608711,0.269846401,3.599478558
22,T OLS,2,2,25.39800338,0.255826616,3.599478558
23,T OLS,2,3,25.3616506,0.259118577,3.599478558
24,T OLS,2,4,25.13196132,0.264579152,3.599478558
25,T OLS,2,5,25.24277034,0.260962258,3.599478558
26,T OLS,2,6,25.3906095,0.255441873,3.599478558
27,T OLS,2,7,25.13604989,0.262696402,3.599478558
28,T OLS,2,8,25.325226,0.257010878,3.599478558
29,T OLS,2,9,24.93875405,0.270107785,3.599478558
30,T OLS,3,0,182.9255824,0.025042353,6.176427457
31,T OLS,3,1,182.8368054,0.027761492,6.176427457
32,T OLS,3,2,181.6553438,0.028876832,6.176427457
33,T OLS,3,3,182.3780263,0.02803343,6.176427457
34,T OLS,3,4,183.2793918,0.026273207,6.176427457
35,T OLS,3,5,184.3936531,0.029056572,6.176427457
36,T OLS,3,6,183.5217995,0.024850324,6.176427457
37,T OLS,3,7,180.2163103,0.027727702,6.176427457
38,T OLS,3,8,182.9279478,0.025626749,6.176427457
39,T OLS,3,9,182.477064,0.027824738,6.176427457
40,T OLS,4,0,7.889978457,0.151062692,2.014849394
41,T OLS,4,1,8.208825978,0.113672094,2.014849394
42,T OLS,4,2,8.214422608,0.117556341,2.014849394
43,T OLS,4,3,7.94005467,0.150704276,2.014849394
44,T OLS,4,4,7.937983324,0.146393397,2.014849394
45,T OLS,4,5,8.329319722,0.106906815,2.014849394
46,T OLS,4,6,8.521826686,0.077373337,2.014849394
47,T OLS,4,7,7.922700103,0.141897052,2.014849394
48,T OLS,4,8,8.556935926,0.077340541,2.014849394
49,T OLS,4,9,8.062411485,0.132873478,2.014849394
50,T OLS,5,0,4.518099439,0.432745812,1.376031272
51,T OLS,5,1,4.42374632,0.448176558,1.376031272
52,T OLS,5,2,4.839877602,0.392983716,1.376031272
53,T OLS,5,3,4.838929998,0.39933633,1.376031272
54,T OLS,5,4,4.667869311,0.417895569,1.376031272
55,T OLS,5,5,4.64762049,0.420069409,1.376031272
56,T OLS,5,6,4.962580669,0.379588933,1.376031272
57,T OLS,5,7,4.7973821,0.396496471,1.376031272
58,T OLS,5,8,4.750289649,0.406893091,1.376031272
59,T OLS,5,9,4.336929852,0.45707016,1.376031272
60,T OLS,6,0,2.310693652,-0.749969493,0.780242737
61,T OLS,6,1,2.222313785,-0.679916652,0.780242737
62,T OLS,6,2,2.631025291,-0.990385828,0.780242737
63,T OLS,6,3,2.580463088,-0.949660993,0.780242737
64,T OLS,6,4,2.511438431,-0.904857374,0.780242737
65,T OLS,6,5,2.564773939,-0.941354161,0.780242737
66,T OLS,6,6,2.824157064,-1.118540767,0.780242737
67,T OLS,6,7,2.724338123,-1.057362533,0.780242737
68,T OLS,6,8,2.546695482,-0.930858351,0.780242737
69,T OLS,6,9,2.127072502,-0.615465273,0.780242737
70,T OLS,7,0,2.666053478,0.499687225,0.921523925
71,T OLS,7,1,2.663720202,0.504104284,0.921523925
72,T OLS,7,2,2.914277168,0.455385292,0.921523925
73,T OLS,7,3,2.943644022,0.44997302,0.921523925
74,T OLS,7,4,2.909817975,0.45240851,0.921523925
75,T OLS,7,5,2.921329286,0.454284101,0.921523925
76,T OLS,7,6,3.280030487,0.385618145,0.921523925
77,T OLS,7,7,3.08126973,0.425319486,0.921523925
78,T OLS,7,8,2.947616956,0.448947985,0.921523925
79,T OLS,7,9,2.513302167,0.529836068,0.921523925
80,T OLS,8,0,7.070091873,-1.810793946,1.129523832
81,T OLS,8,1,7.777755995,-2.037982579,1.129523832
82,T OLS,8,2,11.22408628,-3.420998207,1.129523832
83,T OLS,8,3,6.400061531,-1.494290751,1.129523832
84,T OLS,8,4,9.974359366,-2.949157499,1.129523832
85,T OLS,8,5,8.553450243,-2.362108745,1.129523832
86,T OLS,8,6,25.30222263,-9.013656351,1.129523832
87,T OLS,8,7,8.844360001,-2.531249648,1.129523832
88,T OLS,8,8,9.089359909,-2.59216931,1.129523832
89,T OLS,8,9,8.980083346,-2.544954705,1.129523832
90,T RF,0,0,8.896756891,-2.537005015,1.455103502
91,T RF,0,1,9.106871204,-2.557133457,1.455103502
92,T RF,0,2,9.504383143,-2.743633093,1.455103502
93,T RF,0,3,8.884556624,-2.462570994,1.455103502
94,T RF,0,4,9.466462155,-2.748065277,1.455103502
95,T RF,0,5,10.0261112,-2.940968286,1.455103502
96,T RF,0,6,10.19495654,-3.034775632,1.455103502
97,T RF,0,7,9.359173976,-2.736797214,1.455103502
98,T RF,0,8,9.550894979,-2.774570726,1.455103502
99,T RF,0,9,9.220802592,-2.639980418,1.455103502
100,T RF,1,0,8.04723941,-8.723726885,1.236820322
101,T RF,1,1,8.403032266,-9.140605039,1.236820322
102,T RF,1,2,8.681294717,-9.492756129,1.236820322
103,T RF,1,3,8.202669711,-8.998450095,1.236820322
104,T RF,1,4,8.572368041,-9.405892548,1.236820322
105,T RF,1,5,9.170668578,-10.03260985,1.236820322
106,T RF,1,6,9.148947424,-10.21351291,1.236820322
107,T RF,1,7,8.543722025,-9.565410473,1.236820322
108,T RF,1,8,8.850790461,-9.659081898,1.236820322
109,T RF,1,9,8.56820205,-9.414560563,1.236820322
110,T RF,2,0,24.91488549,0.270129357,3.29448962
111,T RF,2,1,24.65080784,0.27877812,3.29448962
112,T RF,2,2,24.86554585,0.271427871,3.29448962
113,T RF,2,3,24.20199957,0.292995075,3.29448962
114,T RF,2,4,25.072679,0.266313893,3.29448962
115,T RF,2,5,24.79719575,0.274007436,3.29448962
116,T RF,2,6,25.31105613,0.257774708,3.29448962
117,T RF,2,7,24.53266499,0.2803952,3.29448962
118,T RF,2,8,25.19005843,0.260976412,3.29448962
119,T RF,2,9,24.01461452,0.297154936,3.29448962
120,T RF,3,0,186.4888635,0.00605076,6.103714172
121,T RF,3,1,187.2250289,0.004427022,6.103714172
122,T RF,3,2,185.395993,0.008879452,6.103714172
123,T RF,3,3,185.7564511,0.010028433,6.103714172
124,T RF,3,4,187.2402414,0.005230004,6.103714172
125,T RF,3,5,188.7262108,0.006243051,6.103714172
126,T RF,3,6,187.3184223,0.004676832,6.103714172
127,T RF,3,7,184.0332536,0.007135181,6.103714172
128,T RF,3,8,186.9404576,0.00425395,6.103714172
129,T RF,3,9,185.4888645,0.011778898,6.103714172
130,T RF,4,0,12.19567531,-0.312216989,2.058467507
131,T RF,4,1,12.25684869,-0.323403257,2.058467507
132,T RF,4,2,12.83980024,-0.379330094,2.058467507
133,T RF,4,3,11.69673601,-0.251123361,2.058467507
134,T RF,4,4,12.46377012,-0.340284558,2.058467507
135,T RF,4,5,13.33619761,-0.429944773,2.058467507
136,T RF,4,6,13.72551939,-0.48601123,2.058467507
137,T RF,4,7,12.19748218,-0.321102059,2.058467507
138,T RF,4,8,12.77557626,-0.37753822,2.058467507
139,T RF,4,9,12.25811159,-0.318381441,2.058467507
140,T RF,5,0,11.80782401,-0.482490084,1.954764539
141,T RF,5,1,12.00863525,-0.49797162,1.954764539
142,T RF,5,2,12.39100202,-0.554076491,1.954764539
143,T RF,5,3,11.77187131,-0.461260119,1.954764539
144,T RF,5,4,11.99462616,-0.495784172,1.954764539
145,T RF,5,5,12.2248711,-0.525420747,1.954764539
146,T RF,5,6,12.42950334,-0.553909537,1.954764539
147,T RF,5,7,12.07261061,-0.51871645,1.954764539
148,T RF,5,8,12.5310117,-0.564584513,1.954764539
149,T RF,5,9,11.70555018,-0.465389734,1.954764539
150,T RF,6,0,8.453467105,-5.402107666,1.336377298
151,T RF,6,1,8.768350649,-5.628271115,1.336377298
152,T RF,6,2,8.943818977,-5.766050712,1.336377298
153,T RF,6,3,8.584250598,-5.485804281,1.336377298
154,T RF,6,4,8.86972578,-5.727444459,1.336377298
155,T RF,6,5,9.459478685,-6.160162551,1.336377298
156,T RF,6,6,9.413398045,-6.061458362,1.336377298
157,T RF,6,7,8.889061108,-5.712830951,1.336377298
158,T RF,6,8,9.14832973,-5.936097772,1.336377298
159,T RF,6,9,8.837766525,-5.712091339,1.336377298
160,T RF,7,0,9.28498696,-0.742424761,1.525043073
161,T RF,7,1,9.50081806,-0.768734934,1.525043073
162,T RF,7,2,9.508398189,-0.776911807,1.525043073
163,T RF,7,3,8.804776861,-0.645193777,1.525043073
164,T RF,7,4,9.424647368,-0.773601214,1.525043073
165,T RF,7,5,10.12277782,-0.890975051,1.525043073
166,T RF,7,6,10.49567193,-0.965942211,1.525043073
167,T RF,7,7,9.405951941,-0.754282413,1.525043073
168,T RF,7,8,9.392445138,-0.755901766,1.525043073
169,T RF,7,9,9.310608849,-0.741737432,1.525043073
170,T RF,8,0,13.11859333,-4.215443219,2.069740013
171,T RF,8,1,12.78272386,-3.992917291,2.069740013
172,T RF,8,2,15.47451914,-5.09517957,2.069740013
173,T RF,8,3,13.49575677,-4.259690259,2.069740013
174,T RF,8,4,12.59886227,-3.988279405,2.069740013
175,T RF,8,5,14.75637402,-4.800294938,2.069740013
176,T RF,8,6,14.59765479,-4.77719597,2.069740013
177,T RF,8,7,13.60039776,-4.430172425,2.069740013
178,T RF,8,8,12.57739613,-3.970662055,2.069740013
179,T RF,8,9,13.66173745,-4.393072492,2.069740013
180,T AML,0,0,3.714218741,-0.476629122,1.088304781
181,T AML,0,1,3.592724071,-0.403313905,1.088304781
182,T AML,0,2,3.755364415,-0.479181372,1.088304781
183,T AML,0,3,3.522017077,-0.372632838,1.088304781
184,T AML,0,4,3.811392201,-0.509048104,1.088304781
185,T AML,0,5,4.021157929,-0.580598455,1.088304781
186,T AML,0,6,4.236733333,-0.676737742,1.088304781
187,T AML,0,7,3.832378362,-0.530137256,1.088304781
188,T AML,0,8,4.187901533,-0.655083693,1.088304781
189,T AML,0,9,3.367460545,-0.329330101,1.088304781
190,T AML,1,0,2.973623168,-2.593120332,0.837673833
191,T AML,1,1,2.963518235,-2.576312335,0.837673833
192,T AML,1,2,2.938100092,-2.551171657,0.837673833
193,T AML,1,3,2.860144707,-2.486305694,0.837673833
194,T AML,1,4,3.082833924,-2.742214334,0.837673833
195,T AML,1,5,3.299578597,-2.969499393,0.837673833
196,T AML,1,6,3.466441534,-3.24868404,0.837673833
197,T AML,1,7,3.124391771,-2.863712026,0.837673833
198,T AML,1,8,3.34066478,-3.023190883,0.837673833
199,T AML,1,9,2.670411355,-2.245857255,0.837673833
200,T AML,2,0,20.96249129,0.385913011,3.235824696
201,T AML,2,1,20.61506028,0.396854147,3.235824696
202,T AML,2,2,20.78981468,0.390848701,3.235824696
203,T AML,2,3,20.22386124,0.409207101,3.235824696
204,T AML,2,4,20.65527535,0.39557761,3.235824696
205,T AML,2,5,20.64592456,0.39554505,3.235824696
206,T AML,2,6,21.0832688,0.381750992,3.235824696
207,T AML,2,7,20.91664061,0.386462295,3.235824696
208,T AML,2,8,21.42712143,0.371373107,3.235824696
209,T AML,2,9,20.4360333,0.401890664,3.235824696
210,T AML,3,0,181.4702275,0.032799111,6.017034887
211,T AML,3,1,181.1188115,0.03689696,6.017034887
212,T AML,3,2,180.0508985,0.037454142,6.017034887
213,T AML,3,3,180.6559866,0.037210879,6.017034887
214,T AML,3,4,181.9328391,0.033427172,6.017034887
215,T AML,3,5,182.6692445,0.03813662,6.017034887
216,T AML,3,6,181.7677666,0.034170441,6.017034887
217,T AML,3,7,178.6545031,0.036153698,6.017034887
218,T AML,3,8,181.2484775,0.034572517,6.017034887
219,T AML,3,9,180.6559703,0.037526901,6.017034887
220,T AML,4,0,7.120277427,0.233880145,1.851383963
221,T AML,4,1,7.234890118,0.218830436,1.851383963
222,T AML,4,2,7.560390233,0.18781651,1.851383963
223,T AML,4,3,6.823406929,0.270144782,1.851383963
224,T AML,4,4,7.153084347,0.23079707,1.851383963
225,T AML,4,5,7.601632268,0.184931519,1.851383963
226,T AML,4,6,8.009138756,0.132880163,1.851383963
227,T AML,4,7,7.082519998,0.232896461,1.851383963
228,T AML,4,8,7.942180848,0.143627071,1.851383963
229,T AML,4,9,6.99505214,0.247669851,1.851383963
230,T AML,5,0,5.799253179,0.271895031,1.511307148
231,T AML,5,1,5.731370445,0.28506195,1.511307148
232,T AML,5,2,5.764691118,0.276993828,1.511307148
233,T AML,5,3,5.354721016,0.335310414,1.511307148
234,T AML,5,4,5.592168813,0.302631238,1.511307148
235,T AML,5,5,5.725712431,0.285544979,1.511307148
236,T AML,5,6,6.02958118,0.246194844,1.511307148
237,T AML,5,7,5.791623045,0.271422439,1.511307148
238,T AML,5,8,6.169962175,0.22963704,1.511307148
239,T AML,5,9,5.115888231,0.35955423,1.511307148
240,T AML,6,0,3.427234823,-1.595565353,0.987983485
241,T AML,6,1,3.374632392,-1.550990409,0.987983485
242,T AML,6,2,3.413792939,-1.582554075,0.987983485
243,T AML,6,3,3.318555133,-1.507324179,0.987983485
244,T AML,6,4,3.557401558,-1.698191803,0.987983485
245,T AML,6,5,3.722350117,-1.817558218,0.987983485
246,T AML,6,6,3.921120441,-1.94142759,0.987983485
247,T AML,6,7,3.558816119,-1.687542667,0.987983485
248,T AML,6,8,3.802881251,-1.883275631,0.987983485
249,T AML,6,9,3.130139289,-1.377272669,0.987983485
250,T AML,7,0,3.88458709,0.271016668,1.112651056
251,T AML,7,1,3.887355732,0.276304225,1.112651056
252,T AML,7,2,3.906014972,0.270051171,1.112651056
253,T AML,7,3,3.687939611,0.310899595,1.112651056
254,T AML,7,4,4.02662223,0.242239863,1.112651056
255,T AML,7,5,4.296530022,0.197391148,1.112651056
256,T AML,7,6,4.502360231,0.156663806,1.112651056
257,T AML,7,7,4.003551546,0.253306831,1.112651056
258,T AML,7,8,4.222922182,0.210531826,1.112651056
259,T AML,7,9,3.642682988,0.318562576,1.112651056
260,T AML,8,0,7.499497048,-1.981508767,1.71973088
261,T AML,8,1,7.284865179,-1.845459991,1.71973088
262,T AML,8,2,9.636193926,-2.795551371,1.71973088
263,T AML,8,3,6.942649653,-1.705753177,1.71973088
264,T AML,8,4,7.93303874,-2.1409355,1.71973088
265,T AML,8,5,8.949892567,-2.517938517,1.71973088
266,T AML,8,6,9.516121479,-2.766118561,1.71973088
267,T AML,8,7,8.727854465,-2.484732983,1.71973088
268,T AML,8,8,7.890263499,-2.118279249,1.71973088
269,T AML,8,9,7.53231309,-1.973436626,1.71973088
270,X OLS,0,0,2.813093825,-0.118376852,0.946481801
271,X OLS,0,1,2.744949383,-0.072174084,0.946481801
272,X OLS,0,2,3.115065116,-0.226977141,0.946481801
273,X OLS,0,3,3.022414085,-0.177922972,0.946481801
274,X OLS,0,4,2.989096134,-0.183475648,0.946481801
275,X OLS,0,5,3.172077447,-0.246849987,0.946481801
276,X OLS,0,6,3.299463872,-0.305802176,0.946481801
277,X OLS,0,7,3.233573484,-0.291055003,0.946481801
278,X OLS,0,8,3.072586345,-0.214304471,0.946481801
279,X OLS,0,9,2.627418279,-0.037192911,0.946481801
280,X OLS,1,0,1.741914078,-1.104808356,0.589855425
281,X OLS,1,1,1.686628322,-1.035388074,0.589855425
282,X OLS,1,2,2.048276491,-1.475675162,0.589855425
283,X OLS,1,3,1.982537284,-1.416566898,0.589855425
284,X OLS,1,4,2.011283079,-1.44147189,0.589855425
285,X OLS,1,5,2.121182229,-1.551850584,0.589855425
286,X OLS,1,6,2.333965306,-1.860651492,0.589855425
287,X OLS,1,7,2.278735235,-1.817949021,0.589855425
288,X OLS,1,8,2.046188746,-1.464242433,0.589855425
289,X OLS,1,9,1.589906281,-0.932514565,0.589855425
290,X OLS,2,0,25.04636397,0.266277752,3.595692017
291,X OLS,2,1,24.87516716,0.27221392,3.595692017
292,X OLS,2,2,25.30577032,0.258529088,3.595692017
293,X OLS,2,3,25.11320511,0.266376332,3.595692017
294,X OLS,2,4,25.03807171,0.267326585,3.595692017
295,X OLS,2,5,25.28296063,0.259785598,3.595692017
296,X OLS,2,6,25.22374635,0.260334994,3.595692017
297,X OLS,2,7,24.99992354,0.266689331,3.595692017
298,X OLS,2,8,25.19244544,0.260906382,3.595692017
299,X OLS,2,9,24.83890291,0.273030167,3.595692017
300,X OLS,3,0,182.585007,0.026857554,6.169974381
301,X OLS,3,1,182.4634729,0.029746695,6.169974381
302,X OLS,3,2,181.3318436,0.030606254,6.169974381
303,X OLS,3,3,181.9431028,0.030351315,6.169974381
304,X OLS,3,4,182.8407169,0.028603798,6.169974381
305,X OLS,3,5,184.1342281,0.0304226,6.169974381
306,X OLS,3,6,183.0284756,0.027471618,6.169974381
307,X OLS,3,7,179.8211128,0.029859804,6.169974381
308,X OLS,3,8,182.5335057,0.027727761,6.169974381
309,X OLS,3,9,182.0480316,0.030110476,6.169974381
310,X OLS,4,0,7.874447013,0.152733827,2.010084868
311,X OLS,4,1,8.112647817,0.124056695,2.010084868
312,X OLS,4,2,8.160133061,0.123388457,2.010084868
313,X OLS,4,3,7.807908474,0.16483909,2.010084868
314,X OLS,4,4,7.868309783,0.153885702,2.010084868
315,X OLS,4,5,8.358376632,0.103791251,2.010084868
316,X OLS,4,6,8.455722499,0.084530193,2.010084868
317,X OLS,4,7,7.84456541,0.150359775,2.010084868
318,X OLS,4,8,8.480388437,0.085594344,2.010084868
319,X OLS,4,9,8.007547672,0.138774177,2.010084868
320,X OLS,5,0,4.496052971,0.43551378,1.367302388
321,X OLS,5,1,4.347313579,0.45771087,1.367302388
322,X OLS,5,2,4.705886893,0.409788799,1.367302388
323,X OLS,5,3,4.603998929,0.428498677,1.367302388
324,X OLS,5,4,4.617254497,0.424207466,1.367302388
325,X OLS,5,5,4.722522649,0.41072311,1.367302388
326,X OLS,5,6,4.889202283,0.388762539,1.367302388
327,X OLS,5,7,4.757772766,0.401479266,1.367302388
328,X OLS,5,8,4.696800195,0.413571624,1.367302388
329,X OLS,5,9,4.24707009,0.468319488,1.367302388
330,X OLS,6,0,2.185920102,-0.6554741,0.779489526
331,X OLS,6,1,2.104153334,-0.590595463,0.779489526
332,X OLS,6,2,2.564750513,-0.940248576,0.779489526
333,X OLS,6,3,2.433629518,-0.838721338,0.779489526
334,X OLS,6,4,2.4929148,-0.890807706,0.779489526
335,X OLS,6,5,2.597482068,-0.966111924,0.779489526
336,X OLS,6,6,2.779068038,-1.084717245,0.779489526
337,X OLS,6,7,2.716111584,-1.051150024,0.779489526
338,X OLS,6,8,2.501655444,-0.896709811,0.779489526
339,X OLS,6,9,2.068934262,-0.571310545,0.779489526
340,X OLS,7,0,2.607144031,0.510742198,0.913296171
341,X OLS,7,1,2.566272331,0.522245822,0.913296171
342,X OLS,7,2,2.870979347,0.463476708,0.913296171
343,X OLS,7,3,2.82760058,0.471656017,0.913296171
344,X OLS,7,4,2.850852855,0.463505011,0.913296171
345,X OLS,7,5,2.947787758,0.449341553,0.913296171
346,X OLS,7,6,3.189041127,0.402661344,0.913296171
347,X OLS,7,7,3.073613535,0.426747425,0.913296171
348,X OLS,7,8,2.886319872,0.460407371,0.913296171
349,X OLS,7,9,2.453773674,0.540972075,0.913296171
350,X OLS,8,0,6.889297543,-1.738917142,1.106111573
351,X OLS,8,1,7.571195584,-1.957300319,1.106111573
352,X OLS,8,2,11.08446569,-3.366003764,1.106111573
353,X OLS,8,3,6.264599277,-1.441497158,1.106111573
354,X OLS,8,4,9.714108288,-2.846116044,1.106111573
355,X OLS,8,5,8.542744158,-2.357900499,1.106111573
356,X OLS,8,6,9.469875857,-2.747816305,1.106111573
357,X OLS,8,7,8.709992514,-2.477601318,1.106111573
358,X OLS,8,8,8.904629388,-2.519162705,1.106111573
359,X OLS,8,9,8.680834934,-2.426824168,1.106111573
360,X RF,0,0,2.55097993,-0.014170547,0.945930309
361,X RF,0,1,2.680154317,-0.046865205,0.945930309
362,X RF,0,2,2.790108597,-0.098981672,0.945930309
363,X RF,0,3,2.906536167,-0.132761965,0.945930309
364,X RF,0,4,2.954902973,-0.169937517,0.945930309
365,X RF,0,5,2.981514736,-0.171945412,0.945930309
366,X RF,0,6,2.742129735,-0.085230544,0.945930309
367,X RF,0,7,3.046998813,-0.216562135,0.945930309
368,X RF,0,8,2.795084503,-0.104634086,0.945930309
369,X RF,0,9,2.573683625,-0.015980757,0.945930309
370,X RF,1,0,1.470049218,-0.776305684,0.565086308
371,X RF,1,1,1.618149572,-0.952749339,0.565086308
372,X RF,1,2,1.718799326,-1.077448439,0.565086308
373,X RF,1,3,1.855441881,-1.261646964,0.565086308
374,X RF,1,4,1.992050208,-1.418125343,0.565086308
375,X RF,1,5,1.907427328,-1.294696549,0.565086308
376,X RF,1,6,1.738929142,-1.131338556,0.565086308
377,X RF,1,7,2.072927588,-1.563441412,0.565086308
378,X RF,1,8,1.79561275,-1.16247164,0.565086308
379,X RF,1,9,1.538418592,-0.869931813,0.565086308
380,X RF,2,0,24.90115446,0.270531601,3.617609538
381,X RF,2,1,24.90745123,0.271269367,3.617609538
382,X RF,2,2,25.07073584,0.265415708,3.617609538
383,X RF,2,3,25.10238081,0.266692539,3.617609538
384,X RF,2,4,24.97652047,0.26912772,3.617609538
385,X RF,2,5,25.23868374,0.261081902,3.617609538
386,X RF,2,6,24.84837431,0.271342461,3.617609538
387,X RF,2,7,24.98518605,0.267121619,3.617609538
388,X RF,2,8,24.92968025,0.268615363,3.617609538
389,X RF,2,9,24.82436498,0.273455654,3.617609538
390,X RF,3,0,182.530609,0.027147484,6.224255252
391,X RF,3,1,182.6316638,0.028852336,6.224255252
392,X RF,3,2,181.4398914,0.030028634,6.224255252
393,X RF,3,3,182.3454989,0.028206782,6.224255252
394,X RF,3,4,183.2679722,0.026333876,6.224255252
395,X RF,3,5,184.0720063,0.030750236,6.224255252
396,X RF,3,6,182.8787379,0.028267255,6.224255252
397,X RF,3,7,180.058024,0.028581662,6.224255252
398,X RF,3,8,182.9187,0.025676008,6.224255252
399,X RF,3,9,182.1562989,0.029533665,6.224255252
400,X RF,4,0,7.594436991,0.18286204,1.957523046
401,X RF,4,1,7.828049845,0.154785465,1.957523046
402,X RF,4,2,7.752830782,0.167143366,1.957523046
403,X RF,4,3,7.577710749,0.189461835,1.957523046
404,X RF,4,4,7.768605343,0.164607363,1.957523046
405,X RF,4,5,8.022699232,0.13978353,1.957523046
406,X RF,4,6,7.844961231,0.150655057,1.957523046
407,X RF,4,7,7.661401215,0.17019818,1.957523046
408,X RF,4,8,8.060727941,0.130844622,1.957523046
409,X RF,4,9,7.754541884,0.165985394,1.957523046
410,X RF,5,0,4.31113075,0.458731043,1.380076064
411,X RF,5,1,4.314933674,0.461749978,1.380076064
412,X RF,5,2,4.468171617,0.439602991,1.380076064
413,X RF,5,3,4.55922166,0.434056947,1.380076064
414,X RF,5,4,4.509284332,0.437671834,1.380076064
415,X RF,5,5,4.588433682,0.427454746,1.380076064
416,X RF,5,6,4.403096909,0.449534379,1.380076064
417,X RF,5,7,4.714014889,0.406983942,1.380076064
418,X RF,5,8,4.506997679,0.437269796,1.380076064
419,X RF,5,9,4.207745647,0.473242421,1.380076064
420,X RF,6,0,1.915674384,-0.450807522,0.744917852
421,X RF,6,1,2.011928167,-0.520879569,0.744917852
422,X RF,6,2,2.220684877,-0.679960935,0.744917852
423,X RF,6,3,2.303398536,-0.740325718,0.744917852
424,X RF,6,4,2.415172099,-0.831841994,0.744917852
425,X RF,6,5,2.386149984,-0.806148344,0.744917852
426,X RF,6,6,2.197142241,-0.648185743,0.744917852
427,X RF,6,7,2.509567154,-0.895172039,0.744917852
428,X RF,6,8,2.198252283,-0.666675034,0.744917852
429,X RF,6,9,2.013713856,-0.529371849,0.744917852
430,X RF,7,0,2.359556587,0.557204567,0.873243205
431,X RF,7,1,2.47747392,0.53877712,0.873243205
432,X RF,7,2,2.601422447,0.513851001,0.873243205
433,X RF,7,3,2.722453021,0.491303092,0.873243205
434,X RF,7,4,2.855868969,0.462561041,0.873243205
435,X RF,7,5,2.788822649,0.479036866,0.873243205
436,X RF,7,6,2.65810556,0.502110779,0.873243205
437,X RF,7,7,2.897279906,0.459635004,0.873243205
438,X RF,7,8,2.663263047,0.502107469,0.873243205
439,X RF,7,9,2.4234305,0.546648379,0.873243205
440,X RF,8,0,6.949264096,-1.762757515,1.121530153
441,X RF,8,1,8.271715732,-2.230922686,1.121530153
442,X RF,8,2,8.655595469,-2.409308437,1.121530153
443,X RF,8,3,6.090909856,-1.373805322,1.121530153
444,X RF,8,4,9.419560106,-2.729495305,1.121530153
445,X RF,8,5,7.077381351,-1.781909645,1.121530153
446,X RF,8,6,9.408089279,-2.723363529,1.121530153
447,X RF,8,7,9.324045357,-2.722771561,1.121530153
448,X RF,8,8,9.124005224,-2.605861346,1.121530153
449,X RF,8,9,8.989162291,-2.548538686,1.121530153
450,X AML,0,0,2.405538434,0.043651343,0.870791923
451,X AML,0,1,2.496255699,0.024965384,0.870791923
452,X AML,0,2,2.688330013,-0.058892623,0.870791923
453,X AML,0,3,2.682087026,-0.045287585,0.870791923
454,X AML,0,4,2.67093371,-0.0575053,0.870791923
455,X AML,0,5,2.839230093,-0.11601752,0.870791923
456,X AML,0,6,2.675769459,-0.058967674,0.870791923
457,X AML,0,7,2.810851126,-0.122276462,0.870791923
458,X AML,0,8,2.74314754,-0.084108288,0.870791923
459,X AML,0,9,2.355188093,0.07027198,0.870791923
460,X AML,1,0,1.337006019,-0.615545495,0.432735196
461,X AML,1,1,1.444773282,-0.743522429,0.432735196
462,X AML,1,2,1.613886106,-0.950643756,0.432735196
463,X AML,1,3,1.606741325,-0.958499308,0.432735196
464,X AML,1,4,1.677961478,-1.036856882,0.432735196
465,X AML,1,5,1.748473651,-1.103470152,0.432735196
466,X AML,1,6,1.65226871,-1.025122198,0.432735196
467,X AML,1,7,1.789281369,-1.212676402,0.432735196
468,X AML,1,8,1.707452085,-1.056299004,0.432735196
469,X AML,1,9,1.318172934,-0.602225505,0.432735196
470,X AML,2,0,24.7024963,0.276351205,3.607198343
471,X AML,2,1,24.73392472,0.276346325,3.607198343
472,X AML,2,2,24.917007,0.269920035,3.607198343
473,X AML,2,3,24.81926649,0.274963063,3.607198343
474,X AML,2,4,24.77002985,0.275170126,3.607198343
475,X AML,2,5,25.02327263,0.267388537,3.607198343
476,X AML,2,6,24.7327792,0.274732189,3.607198343
477,X AML,2,7,24.73728043,0.274393314,3.607198343
478,X AML,2,8,24.8684575,0.27041151,3.607198343
479,X AML,2,9,24.6116686,0.279680722,3.607198343
480,X AML,3,0,182.2131422,0.028839521,6.174117019
481,X AML,3,1,182.4009932,0.030078932,6.174117019
482,X AML,3,2,181.3109544,0.030717927,6.174117019
483,X AML,3,3,181.8861483,0.030654848,6.174117019
484,X AML,3,4,182.8901309,0.028341272,6.174117019
485,X AML,3,5,183.8162635,0.032096875,6.174117019
486,X AML,3,6,182.6723885,0.029363699,6.174117019
487,X AML,3,7,179.7195603,0.030407683,6.174117019
488,X AML,3,8,182.5544083,0.027616423,6.174117019
489,X AML,3,9,181.9969414,0.030382667,6.174117019
490,X AML,4,0,7.620769524,0.180028741,1.968564956
491,X AML,4,1,7.982480989,0.13811114,1.968564956
492,X AML,4,2,7.902702157,0.151043264,1.968564956
493,X AML,4,3,7.622858879,0.184632635,1.968564956
494,X AML,4,4,7.675106011,0.174661762,1.968564956
495,X AML,4,5,8.162324511,0.124812513,1.968564956
496,X AML,4,6,8.060046855,0.127368532,1.968564956
497,X AML,4,7,7.66569216,0.16973343,1.968564956
498,X AML,4,8,8.283785218,0.106793266,1.968564956
499,X AML,4,9,7.781833468,0.163050137,1.968564956
500,X AML,5,0,4.107228164,0.484331319,1.308968749
501,X AML,5,1,4.119591179,0.486117236,1.308968749
502,X AML,5,2,4.326668198,0.457350316,1.308968749
503,X AML,5,3,4.277972768,0.468968796,1.308968749
504,X AML,5,4,4.259702437,0.468795826,1.308968749
505,X AML,5,5,4.398124083,0.451201598,1.308968749
506,X AML,5,6,4.267721838,0.466458676,1.308968749
507,X AML,5,7,4.369782239,0.450287897,1.308968749
508,X AML,5,8,4.358015576,0.455871254,1.308968749
509,X AML,5,9,3.96669689,0.503418736,1.308968749
510,X AML,6,0,1.79867088,-0.362196657,0.646241909
511,X AML,6,1,1.84120417,-0.391823948,0.646241909
512,X AML,6,2,2.097226058,-0.586563626,0.646241909
513,X AML,6,3,2.059897603,-0.556349333,0.646241909
514,X AML,6,4,2.133792824,-0.618423508,0.646241909
515,X AML,6,5,2.235662125,-0.692239579,0.646241909
516,X AML,6,6,2.108281486,-0.581526868,0.646241909
517,X AML,6,7,2.254308689,-0.702406245,0.646241909
518,X AML,6,8,2.115474322,-0.603914284,0.646241909
519,X AML,6,9,1.800664359,-0.367565393,0.646241909
520,X AML,7,0,2.22705016,0.582070782,0.772980635
521,X AML,7,1,2.291155794,0.57346333,0.772980635
522,X AML,7,2,2.466490448,0.539066843,0.772980635
523,X AML,7,3,2.475239103,0.537495608,0.772980635
524,X AML,7,4,2.550330523,0.52005957,0.772980635
525,X AML,7,5,2.621239986,0.510341973,0.772980635
526,X AML,7,6,2.558907812,0.52069149,0.772980635
527,X AML,7,7,2.636667247,0.50824127,0.772980635
528,X AML,7,8,2.5223646,0.528448195,0.772980635
529,X AML,7,9,2.19213567,0.589916748,0.772980635
530,X AML,8,0,6.504419272,-1.585904489,1.049804775
531,X AML,8,1,7.593717823,-1.96609748,1.049804775
532,X AML,8,2,9.197724733,-2.622844972,1.049804775
533,X AML,8,3,5.695357642,-1.219647081,1.049804775
534,X AML,8,4,8.936805581,-2.538357851,1.049804775
535,X AML,8,5,7.997799969,-2.143699028,1.049804775
536,X AML,8,6,8.952616544,-2.543104763,1.049804775
537,X AML,8,7,9.051598323,-2.613992803,1.049804775
538,X AML,8,8,8.600284694,-2.398883865,1.049804775
539,X AML,8,9,8.884980312,-2.507412075,1.049804775
540,F OLS,0,0,3.393568435,-0.349151013,1.048020896
541,F OLS,0,1,3.53429911,-0.380493182,1.048020896
542,F OLS,0,2,4.684494538,-0.845151706,1.048020896
543,F OLS,0,3,4.209269074,-0.640474997,1.048020896
544,F OLS,0,4,3.599082734,-0.424988217,1.048020896
545,F OLS,0,5,4.093640494,-0.609089211,1.048020896
546,F OLS,0,6,4.175728091,-0.65259419,1.048020896
547,F OLS,0,7,4.101545725,-0.637606553,1.048020896
548,F OLS,0,8,4.058901348,-0.604102049,1.048020896
549,F OLS,0,9,3.520103486,-0.389587038,1.048020896
550,F OLS,1,0,2.323090133,-1.807061259,0.694504499
551,F OLS,1,1,2.465322383,-1.975099915,0.694504499
552,F OLS,1,2,3.496776548,-3.226422988,0.694504499
553,F OLS,1,3,2.976796909,-2.628496134,0.694504499
554,F OLS,1,4,2.549050063,-2.094260644,0.694504499
555,F OLS,1,5,2.952076455,-2.551443116,0.694504499
556,F OLS,1,6,3.028183778,-2.711528368,0.694504499
557,F OLS,1,7,2.98431307,-2.690486707,0.694504499
558,F OLS,1,8,2.93395607,-2.533388139,0.694504499
559,F OLS,1,9,2.379821898,-1.892648789,0.694504499
560,F OLS,2,0,25.8301421,0.243317316,3.655758588
561,F OLS,2,1,25.8372178,0.244066689,3.655758588
562,F OLS,2,2,27.28861628,0.200430773,3.655758588
563,F OLS,2,3,26.69634159,0.220128695,3.655758588
564,F OLS,2,4,26.0942008,0.23642174,3.655758588
565,F OLS,2,5,26.60277914,0.221145002,3.655758588
566,F OLS,2,6,26.37911106,0.226454902,3.655758588
567,F OLS,2,7,26.36515249,0.22664373,3.655758588
568,F OLS,2,8,26.56378101,0.220674267,3.655758588
569,F OLS,2,9,26.03653609,0.237978571,3.655758588
570,F OLS,3,0,183.5680494,0.02161813,6.167221122
571,F OLS,3,1,183.5682072,0.023872247,6.167221122
572,F OLS,3,2,183.1088304,0.021106544,6.167221122
573,F OLS,3,3,183.4023866,0.022574199,6.167221122
574,F OLS,3,4,183.9678705,0.022615457,6.167221122
575,F OLS,3,5,184.8832015,0.026478805,6.167221122
576,F OLS,3,6,184.3021152,0.020704088,6.167221122
577,F OLS,3,7,181.0094064,0.023448925,6.167221122
578,F OLS,3,8,183.8746878,0.0205839,6.167221122
579,F OLS,3,9,183.2169389,0.023882938,6.167221122
580,F OLS,4,0,8.241315877,0.113259871,2.015261526
581,F OLS,4,1,8.753408984,0.054872075,2.015261526
582,F OLS,4,2,9.675344105,-0.039384807,2.015261526
583,F OLS,4,3,8.837351884,0.05472626,2.015261526
584,F OLS,4,4,8.461790038,0.090066134,2.015261526
585,F OLS,4,5,9.167251257,0.017061429,2.015261526
586,F OLS,4,6,9.014292317,0.024055904,2.015261526
587,F OLS,4,7,8.60773634,0.067701184,2.015261526
588,F OLS,4,8,9.16042608,0.012268662,2.015261526
589,F OLS,4,9,8.665429075,0.068017876,2.015261526
590,F OLS,5,0,5.208259043,0.346095235,1.447351178
591,F OLS,5,1,5.289949778,0.340125295,1.447351178
592,F OLS,5,2,6.475222118,0.187879201,1.447351178
593,F OLS,5,3,5.880460655,0.27004956,1.447351178
594,F OLS,5,4,5.395579616,0.327146801,1.447351178
595,F OLS,5,5,5.863689979,0.268328126,1.447351178
596,F OLS,5,6,5.909971706,0.261148161,1.447351178
597,F OLS,5,7,5.847772028,0.264358981,1.447351178
598,F OLS,5,8,5.845316835,0.270171283,1.447351178
599,F OLS,5,9,5.394978204,0.324615626,1.447351178
600,F OLS,6,0,2.894354307,-1.191996215,0.874835148
601,F OLS,6,1,3.035037326,-1.294279853,0.874835148
602,F OLS,6,2,4.413556017,-2.338880618,0.874835148
603,F OLS,6,3,3.569136308,-1.69665002,0.874835148
604,F OLS,6,4,3.031912031,-1.299622367,0.874835148
605,F OLS,6,5,3.604000113,-1.727975558,0.874835148
606,F OLS,6,6,3.612680855,-1.710051706,0.874835148
607,F OLS,6,7,3.645907929,-1.753312559,0.874835148
608,F OLS,6,8,3.411570074,-1.586590589,0.874835148
609,F OLS,6,9,3.010173934,-1.286161592,0.874835148
610,F OLS,7,0,3.284343184,0.383658705,0.9815486
611,F OLS,7,1,3.373284998,0.372007023,0.9815486
612,F OLS,7,2,4.633410469,0.134116851,0.9815486
613,F OLS,7,3,3.9129754,0.268851116,0.9815486
614,F OLS,7,4,3.44454732,0.351779109,0.9815486
615,F OLS,7,5,3.940840938,0.26383528,0.9815486
616,F OLS,7,6,4.112668747,0.22965684,0.9815486
617,F OLS,7,7,3.914819783,0.269855987,0.9815486
618,F OLS,7,8,3.794041735,0.290710301,0.9815486
619,F OLS,7,9,3.285848571,0.38531566,0.9815486
620,F OLS,8,0,13.30335436,-4.28889703,1.534291682
621,F OLS,8,1,12.73792634,-3.975419433,1.534291682
622,F OLS,8,2,61.2579529,-23.12858322,1.534291682
623,F OLS,8,3,12.34753914,-3.812196341,1.534291682
624,F OLS,8,4,18.64425311,-6.381836694,1.534291682
625,F OLS,8,5,18.77036703,-6.378077076,1.534291682
626,F OLS,8,6,16.17387312,-5.40100317,1.534291682
627,F OLS,8,7,15.5545263,-5.21038894,1.534291682
628,F OLS,8,8,17.39384302,-5.874150625,1.534291682
629,F OLS,8,9,18.75255657,-6.402711208,1.534291682
630,F RF,0,0,7.148230972,-1.841859018,1.63157247
631,F RF,0,1,7.113648376,-1.778582904,1.63157247
632,F RF,0,2,6.607432374,-1.602567902,1.63157247
633,F RF,0,3,6.980711961,-1.720587169,1.63157247
634,F RF,0,4,7.274042799,-1.880018617,1.63157247
635,F RF,0,5,7.618509659,-1.994611206,1.63157247
636,F RF,0,6,8.225493443,-2.255337124,1.63157247
637,F RF,0,7,6.750123138,-1.695092686,1.63157247
638,F RF,0,8,6.544439018,-1.586401378,1.63157247
639,F RF,0,9,6.508264067,-1.569185657,1.63157247
640,F RF,1,0,5.647632674,-5.824208262,1.360739692
641,F RF,1,1,5.692200424,-5.869229402,1.360739692
642,F RF,1,2,5.224540552,-5.314706698,1.360739692
643,F RF,1,3,5.864532902,-6.148433574,1.360739692
644,F RF,1,4,6.131739623,-6.443243611,1.360739692
645,F RF,1,5,6.068904165,-6.301087301,1.360739692
646,F RF,1,6,6.624979105,-7.119982038,1.360739692
647,F RF,1,7,5.191542005,-5.420008997,1.360739692
648,F RF,1,8,5.181380648,-5.239980589,1.360739692
649,F RF,1,9,5.025899031,-5.10892805,1.360739692
650,F RF,2,0,30.4746281,0.107259135,3.985062871
651,F RF,2,1,30.50404574,0.107526806,3.985062871
652,F RF,2,2,30.35275687,0.11065002,3.985062871
653,F RF,2,3,30.82096848,0.099637349,3.985062871
654,F RF,2,4,30.95231731,0.094261719,3.985062871
655,F RF,2,5,31.11025656,0.089178665,3.985062871
656,F RF,2,6,31.81820401,0.066958106,3.985062871
657,F RF,2,7,29.771809,0.126717922,3.985062871
658,F RF,2,8,29.96719873,0.120825115,3.985062871
659,F RF,2,9,29.47735727,0.137274719,3.985062871
660,F RF,3,0,188.0741766,-0.002398649,6.413063918
661,F RF,3,1,188.5954875,-0.00286042,6.413063918
662,F RF,3,2,186.5118512,0.002914112,6.413063918
663,F RF,3,3,187.1716138,0.002486456,6.413063918
664,F RF,3,4,188.6075334,-0.002034145,6.413063918
665,F RF,3,5,189.5757599,0.001769665,6.413063918
666,F RF,3,6,189.4090207,-0.006431637,6.413063918
667,F RF,3,7,185.022404,0.001798685,6.413063918
668,F RF,3,8,188.5970856,-0.004570147,6.413063918
669,F RF,3,9,186.2097807,0.007938103,6.413063918
670,F RF,4,0,11.15921208,-0.200696746,2.271581025
671,F RF,4,1,11.3885875,-0.229654879,2.271581025
672,F RF,4,2,11.3662058,-0.221027541,2.271581025
673,F RF,4,3,11.64589375,-0.245685097,2.271581025
674,F RF,4,4,11.28349544,-0.21336438,2.271581025
675,F RF,4,5,11.85678016,-0.271317456,2.271581025
676,F RF,4,6,12.1417814,-0.314545773,2.271581025
677,F RF,4,7,11.16774459,-0.209571791,2.271581025
678,F RF,4,8,10.45522991,-0.127344747,2.271581025
679,F RF,4,9,10.8705754,-0.169149485,2.271581025
680,F RF,5,0,9.96876248,-0.25159314,2.028997137
681,F RF,5,1,9.895513288,-0.234378242,2.028997137
682,F RF,5,2,8.931059606,-0.120131346,2.028997137
683,F RF,5,3,9.660176748,-0.199132292,2.028997137
684,F RF,5,4,9.404074791,-0.172730691,2.028997137
685,F RF,5,5,9.889148359,-0.233969009,2.028997137
686,F RF,5,6,10.86195837,-0.357938467,2.028997137
687,F RF,5,7,9.14129342,-0.14996111,2.028997137
688,F RF,5,8,8.672771717,-0.082856248,2.028997137
689,F RF,5,9,8.722337402,-0.091928486,2.028997137
690,F RF,6,0,6.838985656,-4.179404137,1.56468381
691,F RF,6,1,6.535631337,-3.940488599,1.56468381
692,F RF,6,2,6.843872604,-4.177429152,1.56468381
693,F RF,6,3,7.087613533,-4.355024724,1.56468381
694,F RF,6,4,7.786235656,-4.905646827,1.56468381
695,F RF,6,5,7.31527792,-4.537152813,1.56468381
696,F RF,6,6,7.740067783,-4.806210054,1.56468381
697,F RF,6,7,6.566019745,-3.958519245,1.56468381
698,F RF,6,8,6.077974287,-3.608209931,1.56468381
699,F RF,6,9,6.192192188,-3.702835206,1.56468381
700,F RF,7,0,6.816495013,-0.27918647,1.556550999
701,F RF,7,1,6.806142119,-0.267076294,1.556550999
702,F RF,7,2,6.761801168,-0.263632853,1.556550999
703,F RF,7,3,7.15207784,-0.336382982,1.556550999
704,F RF,7,4,7.139411766,-0.343548346,1.556550999
705,F RF,7,5,7.163467914,-0.338164222,1.556550999
706,F RF,7,6,7.984961812,-0.4956616,1.556550999
707,F RF,7,7,6.317519293,-0.17826596,1.556550999
708,F RF,7,8,6.203741533,-0.159779009,1.556550999
709,F RF,7,9,6.187299137,-0.157459269,1.556550999
710,F RF,8,0,27.63508909,-9.986638154,3.23147496
711,F RF,8,1,29.49098953,-10.51914672,3.23147496
712,F RF,8,2,168.0329858,-65.18565737,3.23147496
713,F RF,8,3,19.97824746,-6.786106059,3.23147496
714,F RF,8,4,35.6717033,-13.12353109,3.23147496
715,F RF,8,5,34.61143792,-12.60473433,3.23147496
716,F RF,8,6,34.58705821,-12.68824076,3.23147496
717,F RF,8,7,30.27301202,-11.08697554,3.23147496
718,F RF,8,8,36.05429813,-13.24887391,3.23147496
719,F RF,8,9,37.24591568,-13.70310229,3.23147496
720,F AML,0,0,6.239469361,-1.480570695,1.45740933
721,F AML,0,1,5.624647537,-1.196980883,1.45740933
722,F AML,0,2,5.665706434,-1.231636265,1.45740933
723,F AML,0,3,6.107360444,-1.380216596,1.45740933
724,F AML,0,4,5.609891438,-1.221129601,1.45740933
725,F AML,0,5,6.632427415,-1.607011391,1.45740933
726,F AML,0,6,5.792433797,-1.292424753,1.45740933
727,F AML,0,7,6.559019422,-1.618791526,1.45740933
728,F AML,0,8,5.622139394,-1.221903059,1.45740933
729,F AML,0,9,5.105270378,-1.015343461,1.45740933
730,F AML,1,0,5.144405023,-5.216142814,1.172111073
731,F AML,1,1,4.490631447,-4.419200883,1.172111073
732,F AML,1,2,4.380234662,-4.294225757,1.172111073
733,F AML,1,3,4.52896322,-4.520472521,1.172111073
734,F AML,1,4,4.723920583,-4.734309325,1.172111073
735,F AML,1,5,5.272207651,-5.342635718,1.172111073
736,F AML,1,6,4.692142852,-4.750978996,1.172111073
737,F AML,1,7,5.665939687,-6.006662709,1.172111073
738,F AML,1,8,4.358048637,-4.248434876,1.172111073
739,F AML,1,9,3.827974246,-3.65286292,1.172111073
740,F AML,2,0,29.72514302,0.129214972,3.909351948
741,F AML,2,1,28.18447224,0.175391809,3.909351948
742,F AML,2,2,28.62745604,0.161202142,3.909351948
743,F AML,2,3,28.96925094,0.153730954,3.909351948
744,F AML,2,4,28.34872771,0.170448931,3.909351948
745,F AML,2,5,29.64616103,0.132043289,3.909351948
746,F AML,2,6,28.44468409,0.165883721,3.909351948
747,F AML,2,7,29.40638257,0.137436799,3.909351948
748,F AML,2,8,28.76860922,0.155989222,3.909351948
749,F AML,2,9,28.29953455,0.171746514,3.909351948
750,F AML,3,0,187.2052263,0.002232687,6.272748705
751,F AML,3,1,186.5057747,0.008251671,6.272748705
752,F AML,3,2,184.7312347,0.012433227,6.272748705
753,F AML,3,3,185.8810589,0.009364347,6.272748705
754,F AML,3,4,186.3452277,0.009985033,6.272748705
755,F AML,3,5,187.5976851,0.012185417,6.272748705
756,F AML,3,6,186.2222037,0.010501629,6.272748705
757,F AML,3,7,183.7861395,0.008468369,6.272748705
758,F AML,3,8,186.5276334,0.006452875,6.272748705
759,F AML,3,9,185.4644704,0.011908861,6.272748705
760,F AML,4,0,10.6122736,-0.141847856,2.136242977
761,F AML,4,1,10.09927445,-0.090444456,2.136242977
762,F AML,4,2,10.30502214,-0.107028684,2.136242977
763,F AML,4,3,10.2079639,-0.091879144,2.136242977
764,F AML,4,4,10.1751421,-0.094178223,2.136242977
765,F AML,4,5,10.87364362,-0.165902779,2.136242977
766,F AML,4,6,9.92454147,-0.074493406,2.136242977
767,F AML,4,7,10.79103807,-0.168770932,2.136242977
768,F AML,4,8,9.908528891,-0.068396209,2.136242977
769,F AML,4,9,9.508658535,-0.022672934,2.136242977
770,F AML,5,0,8.730904205,-0.09617817,1.801558029
771,F AML,5,1,7.679374411,0.04206559,1.801558029
772,F AML,5,2,7.718370265,0.031963859,1.801558029
773,F AML,5,3,7.618745362,0.054273661,1.801558029
774,F AML,5,4,7.926359414,0.011547105,1.801558029
775,F AML,5,5,8.496603853,-0.060207154,1.801558029
776,F AML,5,6,7.905784218,0.011636012,1.801558029
777,F AML,5,7,8.352843209,-0.050775246,1.801558029
778,F AML,5,8,7.748528928,0.032541933,1.801558029
779,F AML,5,9,7.114799124,0.109315373,1.801558029
780,F AML,6,0,5.890706817,-3.461239253,1.326960054
781,F AML,6,1,5.415314109,-3.093605688,1.326960054
782,F AML,6,2,5.207113938,-2.939211768,1.326960054
783,F AML,6,3,5.408167807,-3.086124644,1.326960054
784,F AML,6,4,5.382276741,-3.082309728,1.326960054
785,F AML,6,5,6.068112501,-3.593135978,1.326960054
786,F AML,6,6,5.615232486,-3.212265348,1.326960054
787,F AML,6,7,6.392008023,-3.827109272,1.326960054
788,F AML,6,8,5.105564917,-2.870946773,1.326960054
789,F AML,6,9,4.703390884,-2.572123016,1.326960054
790,F AML,7,0,6.068479477,-0.138813544,1.349971002
791,F AML,7,1,5.56821019,-0.036614723,1.349971002
792,F AML,7,2,5.499158173,-0.027672473,1.349971002
793,F AML,7,3,5.402529986,-0.009475749,1.349971002
794,F AML,7,4,5.778838752,-0.087505456,1.349971002
795,F AML,7,5,6.312763597,-0.179249281,1.349971002
796,F AML,7,6,5.67696369,-0.063350933,1.349971002
797,F AML,7,7,6.179309662,-0.1524888,1.349971002
798,F AML,7,8,5.639383457,-0.054273219,1.349971002
799,F AML,7,9,4.628159547,0.134209282,1.349971002
800,F AML,8,0,15.8778308,-5.312408875,2.664736345
801,F AML,8,1,24.72734372,-8.658472121,2.664736345
802,F AML,8,2,78.74864571,-30.01790318,2.664736345
803,F AML,8,3,23.19650094,-8.040353361,2.664736345
804,F AML,8,4,33.40101456,-12.22449516,2.664736345
805,F AML,8,5,27.42473608,-9.779854023,2.664736345
806,F AML,8,6,28.86347827,-10.42306574,2.664736345
807,F AML,8,7,29.50272761,-10.7794274,2.664736345
808,F AML,8,8,30.15556686,-10.91766009,2.664736345
809,F AML,8,9,27.67845412,-9.926275669,2.664736345
810,U OLS,0,0,10.81415416,-3.299287704,2.247342081
811,U OLS,0,1,9.030186673,-2.527180567,2.247342081
812,U OLS,0,2,9.519155247,-2.749451601,2.247342081
813,U OLS,0,3,8.980236938,-2.499860405,2.247342081
814,U OLS,0,4,9.976770317,-2.950112069,2.247342081
815,U OLS,0,5,9.348180624,-2.674493793,2.247342081
816,U OLS,0,6,11.92333483,-3.718801951,2.247342081
817,U OLS,0,7,10.95213839,-3.372813277,2.247342081
818,U OLS,0,8,11.05217881,-3.367887061,2.247342081
819,U OLS,0,9,9.354548579,-2.692777642,2.247342081
820,U OLS,1,0,9.876749186,-10.93437982,2.138815288
821,U OLS,1,1,7.916253483,-8.553170501,2.138815288
822,U OLS,1,2,8.672165932,-9.481722508,2.138815288
823,U OLS,1,3,8.156452653,-8.942114906,2.138815288
824,U OLS,1,4,9.571234429,-10.61840422,2.138815288
825,U OLS,1,5,8.449223406,-9.164688062,2.138815288
826,U OLS,1,6,10.92475821,-12.39005588,2.138815288
827,U OLS,1,7,9.511807664,-10.7625728,2.138815288
828,U OLS,1,8,10.03664988,-11.08722244,2.138815288
829,U OLS,1,9,8.442629237,-9.261928113,2.138815288
830,U OLS,2,0,32.64177507,0.043773515,4.069281557
831,U OLS,2,1,31.21977762,0.086586255,4.069281557
832,U OLS,2,2,31.73994923,0.070004635,4.069281557
833,U OLS,2,3,31.25774502,0.086877942,4.069281557
834,U OLS,2,4,31.78104218,0.070011262,4.069281557
835,U OLS,2,5,31.34686678,0.08225138,4.069281557
836,U OLS,2,6,33.06296483,0.030456548,4.069281557
837,U OLS,2,7,32.06582776,0.059428579,4.069281557
838,U OLS,2,8,33.4455782,0.018776742,4.069281557
839,U OLS,2,9,31.35418405,0.082344899,4.069281557
840,U OLS,3,0,191.6650124,-0.021537103,6.485786012
841,U OLS,3,1,189.0034256,-0.005029639,6.485786012
842,U OLS,3,2,188.6162063,-0.008335697,6.485786012
843,U OLS,3,3,188.0960241,-0.002440102,6.485786012
844,U OLS,3,4,189.4485902,-0.006502512,6.485786012
845,U OLS,3,5,191.1517544,-0.006528894,6.485786012
846,U OLS,3,6,192.2170582,-0.021352246,6.485786012
847,U OLS,3,7,187.9528639,-0.014011232,6.485786012
848,U OLS,3,8,189.7591566,-0.010759966,6.485786012
849,U OLS,3,9,189.0465078,-0.007175007,6.485786012
850,U OLS,4,0,16.2476538,-0.748197357,2.917925652
851,U OLS,4,1,14.90066818,-0.608863201,2.917925652
852,U OLS,4,2,14.85557607,-0.595877097,2.917925652
853,U OLS,4,3,14.06784301,-0.504745171,2.917925652
854,U OLS,4,4,15.24471312,-0.639331711,2.917925652
855,U OLS,4,5,15.09523148,-0.618553353,2.917925652
856,U OLS,4,6,16.78923297,-0.81770817,2.917925652
857,U OLS,4,7,15.49022008,-0.677736546,2.917925652
858,U OLS,4,8,16.89596791,-0.821823226,2.917925652
859,U OLS,4,9,15.36785782,-0.652840113,2.917925652
860,U OLS,5,0,12.43132071,-0.560771034,2.484930006
861,U OLS,5,1,10.72293384,-0.337591679,2.484930006
862,U OLS,5,2,11.15940104,-0.399609392,2.484930006
863,U OLS,5,3,10.88684949,-0.351401027,2.484930006
864,U OLS,5,4,12.14558803,-0.514609801,2.484930006
865,U OLS,5,5,11.30218785,-0.410288231,2.484930006
866,U OLS,5,6,13.40307604,-0.675623483,2.484930006
867,U OLS,5,7,12.43714647,-0.564574518,2.484930006
868,U OLS,5,8,12.86410759,-0.606173867,2.484930006
869,U OLS,5,9,10.98527295,-0.375219957,2.484930006
870,U OLS,6,0,10.06125911,-6.619745042,2.186682833
871,U OLS,6,1,8.353399518,-5.314596548,2.186682833
872,U OLS,6,2,8.925355468,-5.75208296,2.186682833
873,U OLS,6,3,8.450373941,-5.384654182,2.186682833
874,U OLS,6,4,10.12892715,-6.682514266,2.186682833
875,U OLS,6,5,8.74945661,-5.622725591,2.186682833
876,U OLS,6,6,11.37911299,-7.536038976,2.186682833
877,U OLS,6,7,10.24004636,-6.733066438,2.186682833
878,U OLS,6,8,10.50672232,-6.966006412,2.186682833
879,U OLS,6,9,8.791046093,-5.676608188,2.186682833
880,U OLS,7,0,10.68257532,-1.004696811,2.249861522
881,U OLS,7,1,8.812605172,-0.640612685,2.249861522
882,U OLS,7,2,9.373947431,-0.751785898,2.249861522
883,U OLS,7,3,8.861812711,-0.655851063,2.249861522
884,U OLS,7,4,10.05995107,-0.893157457,2.249861522
885,U OLS,7,5,9.535660148,-0.781299142,2.249861522
886,U OLS,7,6,11.81529755,-1.213121021,2.249861522
887,U OLS,7,7,10.38896916,-0.937622687,2.249861522
888,U OLS,7,8,10.66484812,-0.993775356,2.249861522
889,U OLS,7,9,9.464987194,-0.770617019,2.249861522
890,U OLS,8,0,514.3954991,-203.5036728,17.72175057
891,U OLS,8,1,695.2140375,-270.5498064,17.72175057
892,U OLS,8,2,628.3585325,-246.5009436,17.72175057
893,U OLS,8,3,388.5767657,-150.4397054,17.72175057
894,U OLS,8,4,576.4456202,-227.2326574,17.72175057
895,U OLS,8,5,464.7649254,-181.6853697,17.72175057
896,U OLS,8,6,554.4353681,-218.4244089,17.72175057
897,U OLS,8,7,677.9848112,-269.6960849,17.72175057
898,U OLS,8,8,589.1103105,-231.8199124,17.72175057
899,U OLS,8,9,589.4101998,-231.6740611,17.72175057
900,U RF,0,0,53.50927594,-20.27320996,5.35889063
901,U RF,0,1,46.87837436,-17.31063931,5.35889063
902,U RF,0,2,57.58336087,-21.68121687,5.35889063
903,U RF,0,3,45.34374168,-16.6717794,5.35889063
904,U RF,0,4,43.14814059,-16.08368395,5.35889063
905,U RF,0,5,49.89318561,-18.61153814,5.35889063
906,U RF,0,6,59.35555437,-22.49066849,5.35889063
907,U RF,0,7,54.65795869,-20.82304851,5.35889063
908,U RF,0,8,60.98369852,-23.1011218,5.35889063
909,U RF,0,9,48.26495932,-18.05295174,5.35889063
910,U RF,1,0,52.59484352,-62.55196707,5.297751257
911,U RF,1,1,47.55040401,-56.38284125,5.297751257
912,U RF,1,2,55.80151227,-66.44520017,5.297751257
913,U RF,1,3,44.52517494,-53.27290813,5.297751257
914,U RF,1,4,38.57255937,-45.82275728,5.297751257
915,U RF,1,5,49.20656268,-58.19708075,5.297751257
916,U RF,1,6,61.17725158,-73.98260387,5.297751257
917,U RF,1,7,54.32780714,-66.1833167,5.297751257
918,U RF,1,8,60.61859503,-72.0034873,5.297751257
919,U RF,1,9,45.98703501,-54.89676322,5.297751257
920,U RF,2,0,72.32955399,-1.118862562,6.430516084
921,U RF,2,1,70.48994445,-1.062362036,6.430516084
922,U RF,2,2,76.8229618,-1.250948729,6.430516084
923,U RF,2,3,68.68911736,-1.006592228,6.430516084
924,U RF,2,4,64.61104314,-0.8906725,6.430516084
925,U RF,2,5,68.73081103,-1.012245991,6.430516084
926,U RF,2,6,79.99204592,-1.345699023,6.430516084
927,U RF,2,7,78.02575242,-1.288691668,6.430516084
928,U RF,2,8,81.91972059,-1.403353133,6.430516084
929,U RF,2,9,71.21042534,-1.084143218,6.430516084
930,U RF,3,0,226.1174177,-0.205161698,7.792550163
931,U RF,3,1,224.9412104,-0.196129556,7.792550163
932,U RF,3,2,227.7804343,-0.217706302,7.792550163
933,U RF,3,3,219.1625417,-0.168006191,7.792550163
934,U RF,3,4,219.2314128,-0.164732698,7.792550163
935,U RF,3,5,226.6594757,-0.193498391,7.792550163
936,U RF,3,6,235.5153372,-0.251419207,7.792550163
937,U RF,3,7,229.1221985,-0.236121004,7.792550163
938,U RF,3,8,232.9172691,-0.24064343,7.792550163
939,U RF,3,9,224.4564933,-0.195827274,7.792550163
940,U RF,4,0,61.01690503,-5.565230488,5.771142539
941,U RF,4,1,55.74582687,-5.019019304,5.771142539
942,U RF,4,2,62.58742845,-5.72352544,5.771142539
943,U RF,4,3,50.9352874,-4.448214604,5.771142539
944,U RF,4,4,47.06902058,-4.061540839,5.771142539
945,U RF,4,5,56.25573588,-5.031898883,5.771142539
946,U RF,4,6,64.112728,-5.941247982,5.771142539
947,U RF,4,7,64.19484708,-5.952905801,5.771142539
948,U RF,4,8,68.27905537,-6.362251726,5.771142539
949,U RF,4,9,55.22370536,-4.939406549,5.771142539
950,U RF,5,0,52.00281295,-5.529031471,5.38293566
951,U RF,5,1,51.2142781,-5.388530715,5.38293566
952,U RF,5,2,56.8322403,-6.127885897,5.38293566
953,U RF,5,3,45.90281458,-4.697985523,5.38293566
954,U RF,5,4,41.66893023,-4.1963042,5.38293566
955,U RF,5,5,47.78585136,-4.962723735,5.38293566
956,U RF,5,6,61.21762381,-6.653294495,5.38293566
957,U RF,5,7,55.38896437,-5.967849296,5.38293566
958,U RF,5,8,60.72222682,-6.581595002,5.38293566
959,U RF,5,9,50.68940948,-5.345685521,5.38293566
960,U RF,6,0,51.52375466,-38.02074978,5.261952592
961,U RF,6,1,47.5148093,-34.91793378,5.261952592
962,U RF,6,2,53.61870953,-39.56286344,5.261952592
963,U RF,6,3,44.97362841,-32.97968737,5.261952592
964,U RF,6,4,38.76817961,-28.4046041,5.261952592
965,U RF,6,5,49.09471905,-36.16126232,5.261952592
966,U RF,6,6,60.52842622,-44.4053849,5.261952592
967,U RF,6,7,53.62865446,-39.49922564,5.261952592
968,U RF,6,8,59.03962638,-43.76277453,5.261952592
969,U RF,6,9,45.17435979,-33.30894313,5.261952592
970,U RF,7,0,52.25691313,-8.80655544,5.287716302
971,U RF,7,1,47.06675531,-7.762257507,5.287716302
972,U RF,7,2,55.45198589,-9.362764208,5.287716302
973,U RF,7,3,42.33106062,-6.909660699,5.287716302
974,U RF,7,4,40.13318409,-6.552565233,5.287716302
975,U RF,7,5,48.77480526,-8.111327102,5.287716302
976,U RF,7,6,57.52898247,-9.7757422,5.287716302
977,U RF,7,7,65.65048891,-11.24432134,5.287716302
978,U RF,7,8,57.02395154,-9.660531495,5.287716302
979,U RF,7,9,45.28967482,-7.472348392,5.287716302
980,U RF,8,0,2707.703556,-1075.477775,40.56252187
981,U RF,8,1,3006.8387,-1173.467751,40.56252187
982,U RF,8,2,2929.051708,-1152.709266,40.56252187
983,U RF,8,3,2689.485679,-1047.171056,40.56252187
984,U RF,8,4,2693.425796,-1065.410612,40.56252187
985,U RF,8,5,2888.805884,-1134.5043,40.56252187
986,U RF,8,6,2660.618203,-1051.971383,40.56252187
987,U RF,8,7,2869.853759,-1144.83419,40.56252187
988,U RF,8,8,2399.805687,-947.4175373,40.56252187
989,U RF,8,9,2992.203302,-1180.194513,40.56252187
990,U AML,0,0,12.98260389,-4.161379099,2.513175498
991,U AML,0,1,,,2.513175498
992,U AML,0,2,10.95064015,-3.313291903,2.513175498
993,U AML,0,3,11.37528715,-3.433281366,2.513175498
994,U AML,0,4,10.84331364,-3.293203382,2.513175498
995,U AML,0,5,12.98982319,-4.105915966,2.513175498
996,U AML,0,6,15.49508621,-5.132365157,2.513175498
997,U AML,0,7,,,2.513175498
998,U AML,0,8,15.26018914,-5.030917871,2.513175498
999,U AML,0,9,12.50798164,-3.937618802,2.513175498
1000,U AML,1,0,12.52296552,-14.1318844,2.419791337
1001,U AML,1,1,,,2.419791337
1002,U AML,1,2,,,2.419791337
1003,U AML,1,3,10.79101323,-12.15345016,2.419791337
1004,U AML,1,4,10.35490957,-11.56969787,2.419791337
1005,U AML,1,5,35.94963476,-42.24856921,2.419791337
1006,U AML,1,6,,,2.419791337
1007,U AML,1,7,,,2.419791337
1008,U AML,1,8,13.74764041,-15.55639976,2.419791337
1009,U AML,1,9,11.62106215,-13.12528029,2.419791337
1010,U AML,2,0,35.12593979,-0.028999001,4.373607679
1011,U AML,2,1,33.5746338,0.017688967,4.373607679
1012,U AML,2,2,,,4.373607679
1013,U AML,2,3,,,4.373607679
1014,U AML,2,4,32.51340965,0.048580451,4.373607679
1015,U AML,2,5,,,4.373607679
1016,U AML,2,6,36.19873497,-0.061497256,4.373607679
1017,U AML,2,7,33.57629075,0.015122899,4.373607679
1018,U AML,2,8,36.98716811,-0.085126093,4.373607679
1019,U AML,2,9,34.50047444,-0.009738805,4.373607679
1020,U AML,3,0,247.3211603,-0.318173507,6.538253209
1021,U AML,3,1,193.2996897,-0.027875113,6.538253209
1022,U AML,3,2,189.8014524,-0.014671982,6.538253209
1023,U AML,3,3,190.4790436,-0.01514018,6.538253209
1024,U AML,3,4,192.2279096,-0.021268481,6.538253209
1025,U AML,3,5,194.589861,-0.024632592,6.538253209
1026,U AML,3,6,197.618759,-0.050054377,6.538253209
1027,U AML,3,7,188.3899985,-0.016369586,6.538253209
1028,U AML,3,8,194.2334258,-0.034592345,6.538253209
1029,U AML,3,9,193.6782972,-0.031851593,6.538253209
1030,U AML,4,0,22.28548206,-1.397849025,3.414360516
1031,U AML,4,1,21.04437784,-1.272215223,3.414360516
1032,U AML,4,2,20.47777046,-1.199847701,3.414360516
1033,U AML,4,3,19.40337116,-1.075451725,3.414360516
1034,U AML,4,4,18.91128793,-1.033614785,3.414360516
1035,U AML,4,5,21.00610491,-1.252333896,3.414360516
1036,U AML,4,6,24.68798777,-1.672877143,3.414360516
1037,U AML,4,7,20.06844147,-1.173600989,3.414360516
1038,U AML,4,8,23.36022565,-1.518837741,3.414360516
1039,U AML,4,9,22.33296536,-1.401949667,3.414360516
1040,U AML,5,0,16.20204164,-1.034190724,2.905029839
1041,U AML,5,1,16.45186143,-1.052225003,2.905029839
1042,U AML,5,2,15.19651211,-0.905942891,2.905029839
1043,U AML,5,3,14.59197937,-0.811324381,2.905029839
1044,U AML,5,4,14.52390054,-0.811196135,2.905029839
1045,U AML,5,5,16.94172718,-1.113990561,2.905029839
1046,U AML,5,6,18.56948132,-1.321516262,2.905029839
1047,U AML,5,7,16.27309549,-1.047131197,2.905029839
1048,U AML,5,8,19.05668052,-1.379359937,2.905029839
1049,U AML,5,9,16.16095541,-1.023151223,2.905029839
1050,U AML,6,0,15.55815714,-10.78273906,2.719837647
1051,U AML,6,1,13.42168005,-9.145868672,2.719837647
1052,U AML,6,2,13.62587335,-9.308051884,2.719837647
1053,U AML,6,3,13.90729501,-9.507614206,2.719837647
1054,U AML,6,4,12.55351332,-8.521496574,2.719837647
1055,U AML,6,5,16.12852346,-11.20816215,2.719837647
1056,U AML,6,6,17.52740213,-12.14817665,2.719837647
1057,U AML,6,7,14.16650035,-9.698241455,2.719837647
1058,U AML,6,8,17.47150407,-12.24657768,2.719837647
1059,U AML,6,9,14.24724532,-9.820472754,2.719837647
1060,U AML,7,0,16.10289876,-2.021877106,2.702698272
1061,U AML,7,1,14.0022831,-1.606757346,2.702698272
1062,U AML,7,2,13.09866415,-1.447854047,2.702698272
1063,U AML,7,3,13.09058444,-1.446007252,2.702698272
1064,U AML,7,4,11.70941174,-1.203565403,2.702698272
1065,U AML,7,5,14.48875538,-1.70655698,2.702698272
1066,U AML,7,6,16.70240267,-2.128523704,2.702698272
1067,U AML,7,7,13.98546395,-1.608396641,2.702698272
1068,U AML,7,8,17.0729498,-2.19175915,2.702698272
1069,U AML,7,9,15.55264041,-1.909435507,2.702698272
1070,U AML,8,0,789.7763687,-312.9844115,21.01604497
1071,U AML,8,1,780.1071125,-303.7089442,21.01604497
1072,U AML,8,2,842.5617662,-330.8723649,21.01604497
1073,U AML,8,3,752.0432387,-292.093197,21.01604497
1074,U AML,8,4,648.4768849,-255.7520638,21.01604497
1075,U AML,8,5,809.4132471,-317.1564491,21.01604497
1076,U AML,8,6,791.1109448,-312.0915909,21.01604497
1077,U AML,8,7,876.9214484,-349.124662,21.01604497
1078,U AML,8,8,660.8106608,-260.156319,21.01604497
1079,U AML,8,9,946.4558901,-372.6205035,21.01604497
1080,DR MOM OLS,0,0,2.845897443,-0.131418297,0.928756276
1081,DR MOM OLS,0,1,2.926085588,-0.142925678,0.928756276
1082,DR MOM OLS,0,2,3.408469098,-0.342544542,0.928756276
1083,DR MOM OLS,0,3,3.434330294,-0.33845874,0.928756276
1084,DR MOM OLS,0,4,3.065383286,-0.213680092,0.928756276
1085,DR MOM OLS,0,5,3.22389566,-0.267218196,0.928756276
1086,DR MOM OLS,0,6,3.211066945,-0.270818038,0.928756276
1087,DR MOM OLS,0,7,3.243277883,-0.294929637,0.928756276
1088,DR MOM OLS,0,8,3.523035511,-0.392324671,0.928756276
1089,DR MOM OLS,0,9,2.714339694,-0.071505787,0.928756276
1090,DR MOM OLS,1,0,1.814815564,-1.192897463,0.526661006
1091,DR MOM OLS,1,1,1.84653354,-1.228358374,0.526661006
1092,DR MOM OLS,1,2,2.378763933,-1.875122968,0.526661006
1093,DR MOM OLS,1,3,2.34912597,-1.8634115,0.526661006
1094,DR MOM OLS,1,4,2.095174048,-1.54330611,0.526661006
1095,DR MOM OLS,1,5,2.204696377,-1.652320796,0.526661006
1096,DR MOM OLS,1,6,2.209106708,-1.707617112,0.526661006
1097,DR MOM OLS,1,7,2.258817725,-1.793318459,0.526661006
1098,DR MOM OLS,1,8,2.439678179,-1.93812509,0.526661006
1099,DR MOM OLS,1,9,1.665080369,-1.023887888,0.526661006
1100,DR MOM OLS,2,0,25.08283622,0.265209314,3.613609919
1101,DR MOM OLS,2,1,25.09283746,0.265845423,3.613609919
1102,DR MOM OLS,2,2,25.53283868,0.251875879,3.613609919
1103,DR MOM OLS,2,3,25.54102938,0.253878445,3.613609919
1104,DR MOM OLS,2,4,25.1681097,0.263521364,3.613609919
1105,DR MOM OLS,2,5,25.51288616,0.253054022,3.613609919
1106,DR MOM OLS,2,6,25.25695335,0.259361227,3.613609919
1107,DR MOM OLS,2,7,25.17189965,0.261644839,3.613609919
1108,DR MOM OLS,2,8,25.57230028,0.249762236,3.613609919
1109,DR MOM OLS,2,9,25.01558954,0.26785901,3.613609919
1110,DR MOM OLS,3,0,183.2228094,0.023458191,6.171297657
1111,DR MOM OLS,3,1,183.2463045,0.025583971,6.171297657
1112,DR MOM OLS,3,2,182.3093077,0.025380764,6.171297657
1113,DR MOM OLS,3,3,182.7234325,0.026192621,6.171297657
1114,DR MOM OLS,3,4,183.5281525,0.024951591,6.171297657
1115,DR MOM OLS,3,5,184.5399094,0.028286444,6.171297657
1116,DR MOM OLS,3,6,183.5800564,0.024540774,6.171297657
1117,DR MOM OLS,3,7,180.3462461,0.027026695,6.171297657
1118,DR MOM OLS,3,8,183.7081567,0.021470934,6.171297657
1119,DR MOM OLS,3,9,182.5131614,0.027632424,6.171297657
1120,DR MOM OLS,4,0,7.576990924,0.184739183,1.941522046
1121,DR MOM OLS,4,1,7.941783921,0.142505306,1.941522046
1122,DR MOM OLS,4,2,8.288198483,0.109630884,1.941522046
1123,DR MOM OLS,4,3,8.011967584,0.143012221,1.941522046
1124,DR MOM OLS,4,4,7.803096013,0.160898428,1.941522046
1125,DR MOM OLS,4,5,8.183923701,0.122496587,1.941522046
1126,DR MOM OLS,4,6,8.177060753,0.11469987,1.941522046
1127,DR MOM OLS,4,7,7.84547229,0.150261551,1.941522046
1128,DR MOM OLS,4,8,8.50006373,0.083472838,1.941522046
1129,DR MOM OLS,4,9,7.780216471,0.163224047,1.941522046
1130,DR MOM OLS,5,0,4.471941348,0.43854103,1.347649349
1131,DR MOM OLS,5,1,4.503506618,0.438227162,1.347649349
1132,DR MOM OLS,5,2,4.983191459,0.375009327,1.347649349
1133,DR MOM OLS,5,3,4.928757636,0.38818589,1.347649349
1134,DR MOM OLS,5,4,4.68131459,0.416218882,1.347649349
1135,DR MOM OLS,5,5,4.795116385,0.401664855,1.347649349
1136,DR MOM OLS,5,6,4.823783511,0.396941052,1.347649349
1137,DR MOM OLS,5,7,4.752924093,0.402089222,1.347649349
1138,DR MOM OLS,5,8,5.111528866,0.361789846,1.347649349
1139,DR MOM OLS,5,9,4.360296701,0.45414492,1.347649349
1140,DR MOM OLS,6,0,2.251757793,-0.705335296,0.737517618
1141,DR MOM OLS,6,1,2.282322071,-0.725278797,0.737517618
1142,DR MOM OLS,6,2,2.914043854,-1.204491006,0.737517618
1143,DR MOM OLS,6,3,2.79014539,-1.108085814,0.737517618
1144,DR MOM OLS,6,4,2.535570309,-0.923160744,0.737517618
1145,DR MOM OLS,6,5,2.674978252,-1.024771104,0.737517618
1146,DR MOM OLS,6,6,2.683265205,-1.012850771,0.737517618
1147,DR MOM OLS,6,7,2.710406753,-1.046841857,0.737517618
1148,DR MOM OLS,6,8,3.002162736,-1.276185367,0.737517618
1149,DR MOM OLS,6,9,2.146090328,-0.629908899,0.737517618
1150,DR MOM OLS,7,0,2.651541311,0.502410584,0.84216876
1151,DR MOM OLS,7,1,2.790197621,0.480558414,0.84216876
1152,DR MOM OLS,7,2,3.157877985,0.409861623,0.84216876
1153,DR MOM OLS,7,3,3.159326369,0.409672254,0.84216876
1154,DR MOM OLS,7,4,2.908464601,0.452663198,0.84216876
1155,DR MOM OLS,7,5,3.013488806,0.437068337,0.84216876
1156,DR MOM OLS,7,6,3.105938802,0.418227224,0.84216876
1157,DR MOM OLS,7,7,3.05945409,0.429388271,0.84216876
1158,DR MOM OLS,7,8,3.254150967,0.391641969,0.84216876
1159,DR MOM OLS,7,9,2.53199755,0.526338719,0.84216876
1160,DR MOM OLS,8,0,8.899424527,-2.538065563,1.225666626
1161,DR MOM OLS,8,1,9.073977497,-2.544285213,1.225666626
1162,DR MOM OLS,8,2,21.08862374,-7.306490648,1.225666626
1163,DR MOM OLS,8,3,8.866308887,-2.455459318,1.225666626
1164,DR MOM OLS,8,4,10.92263611,-3.324609602,1.225666626
1165,DR MOM OLS,8,5,13.47620052,-4.297096531,1.225666626
1166,DR MOM OLS,8,6,128.6795807,-49.92647866,1.225666626
1167,DR MOM OLS,8,7,10.64773502,-3.25127545,1.225666626
1168,DR MOM OLS,8,8,11.05041866,-3.36719144,1.225666626
1169,DR MOM OLS,8,9,11.73979955,-3.634373208,1.225666626
1170,DR MOM RF,0,0,3.088566675,-0.227894159,0.908855291
1171,DR MOM RF,0,1,3.100739301,-0.211145218,0.908855291
1172,DR MOM RF,0,2,3.48269341,-0.371780378,0.908855291
1173,DR MOM RF,0,3,2.975277942,-0.159552642,0.908855291
1174,DR MOM RF,0,4,3.293249448,-0.303899356,0.908855291
1175,DR MOM RF,0,5,3.448256985,-0.355408009,0.908855291
1176,DR MOM RF,0,6,3.109625229,-0.230671269,0.908855291
1177,DR MOM RF,0,7,3.134369406,-0.251446217,0.908855291
1178,DR MOM RF,0,8,3.377391441,-0.334765265,0.908855291
1179,DR MOM RF,0,9,2.890013256,-0.140854232,0.908855291
1180,DR MOM RF,1,0,2.090274043,-1.525742416,0.472247155
1181,DR MOM RF,1,1,2.034064019,-1.454666266,0.472247155
1182,DR MOM RF,1,2,2.350846873,-1.841380663,0.472247155
1183,DR MOM RF,1,3,1.957955304,-1.386603275,0.472247155
1184,DR MOM RF,1,4,2.229829665,-1.706762913,0.472247155
1185,DR MOM RF,1,5,2.322840678,-1.794452197,0.472247155
1186,DR MOM RF,1,6,2.073079141,-1.540893355,0.472247155
1187,DR MOM RF,1,7,2.179722259,-1.69550675,0.472247155
1188,DR MOM RF,1,8,2.513219669,-2.026691729,0.472247155
1189,DR MOM RF,1,9,1.838940107,-1.235212593,0.472247155
1190,DR MOM RF,2,0,25.14975053,0.263249088,3.611764685
1191,DR MOM RF,2,1,25.11815646,0.265104651,3.611764685
1192,DR MOM RF,2,2,25.50086719,0.252812658,3.611764685
1193,DR MOM RF,2,3,25.16715965,0.264800177,3.611764685
1194,DR MOM RF,2,4,25.35842394,0.257952318,3.611764685
1195,DR MOM RF,2,5,25.37793367,0.257005053,3.611764685
1196,DR MOM RF,2,6,25.04554744,0.265560526,3.611764685
1197,DR MOM RF,2,7,25.0703788,0.264622701,3.611764685
1198,DR MOM RF,2,8,25.34222032,0.2565123,3.611764685
1199,DR MOM RF,2,9,25.03959664,0.267156385,3.611764685
1200,DR MOM RF,3,0,183.2993661,0.023050159,6.153676823
1201,DR MOM RF,3,1,183.4129176,0.024698003,6.153676823
1202,DR MOM RF,3,2,182.8790484,0.02233495,6.153676823
1203,DR MOM RF,3,3,182.3655503,0.02809992,6.153676823
1204,DR MOM RF,3,4,183.6641213,0.024229216,6.153676823
1205,DR MOM RF,3,5,184.5295816,0.028340827,6.153676823
1206,DR MOM RF,3,6,183.7525756,0.023624087,6.153676823
1207,DR MOM RF,3,7,180.8642877,0.024231845,6.153676823
1208,DR MOM RF,3,8,184.3470236,0.018067983,6.153676823
1209,DR MOM RF,3,9,183.0680518,0.024676158,6.153676823
1210,DR MOM RF,4,0,7.87296266,0.152893539,1.909360865
1211,DR MOM RF,4,1,7.961167828,0.140412377,1.909360865
1212,DR MOM RF,4,2,8.307238446,0.107585494,1.909360865
1213,DR MOM RF,4,3,7.93872282,0.150846735,1.909360865
1214,DR MOM RF,4,4,8.022588105,0.137295469,1.909360865
1215,DR MOM RF,4,5,8.278417752,0.112364668,1.909360865
1216,DR MOM RF,4,6,8.006759228,0.133137786,1.909360865
1217,DR MOM RF,4,7,7.96007923,0.137848541,1.909360865
1218,DR MOM RF,4,8,8.145728208,0.12167939,1.909360865
1219,DR MOM RF,4,9,7.841650343,0.156616727,1.909360865
1220,DR MOM RF,5,0,4.62400521,0.419449183,1.299180087
1221,DR MOM RF,5,1,4.587839334,0.427707397,1.299180087
1222,DR MOM RF,5,2,5.07474418,0.363526807,1.299180087
1223,DR MOM RF,5,3,4.496305518,0.441866823,1.299180087
1224,DR MOM RF,5,4,4.780882479,0.403802316,1.299180087
1225,DR MOM RF,5,5,4.956027289,0.381586375,1.299180087
1226,DR MOM RF,5,6,4.674711882,0.415577664,1.299180087
1227,DR MOM RF,5,7,4.806857678,0.395304457,1.299180087
1228,DR MOM RF,5,8,5.013212541,0.374065328,1.299180087
1229,DR MOM RF,5,9,4.440330425,0.444125691,1.299180087
1230,DR MOM RF,6,0,2.435739401,-0.844671033,0.665584422
1231,DR MOM RF,6,1,2.466682764,-0.864642824,0.665584422
1232,DR MOM RF,6,2,2.950680726,-1.232207011,0.665584422
1233,DR MOM RF,6,3,2.498878937,-0.888020337,0.665584422
1234,DR MOM RF,6,4,2.780077249,-1.108612571,0.665584422
1235,DR MOM RF,6,5,2.840619847,-1.150150186,0.665584422
1236,DR MOM RF,6,6,2.499198159,-0.87477292,0.665584422
1237,DR MOM RF,6,7,2.611983894,-0.972514995,0.665584422
1238,DR MOM RF,6,8,2.699812954,-1.046949243,0.665584422
1239,DR MOM RF,6,9,2.272604779,-0.725993871,0.665584422
1240,DR MOM RF,7,0,2.869762278,0.461459141,0.799730688
1241,DR MOM RF,7,1,2.829864289,0.473173805,0.799730688
1242,DR MOM RF,7,2,3.361157265,0.371873168,0.799730688
1243,DR MOM RF,7,3,2.842807245,0.468814615,0.799730688
1244,DR MOM RF,7,4,3.092347572,0.418058714,0.799730688
1245,DR MOM RF,7,5,3.17691854,0.406539015,0.799730688
1246,DR MOM RF,7,6,2.869627338,0.462490677,0.799730688
1247,DR MOM RF,7,7,2.924253038,0.454604307,0.799730688
1248,DR MOM RF,7,8,3.14787276,0.4115105,0.799730688
1249,DR MOM RF,7,9,2.682820962,0.498124154,0.799730688
1250,DR MOM RF,8,0,7.753851717,-2.082630305,1.195080747
1251,DR MOM RF,8,1,7.327200203,-1.861996003,1.195080747
1252,DR MOM RF,8,2,15.62391435,-5.154024088,1.195080747
1253,DR MOM RF,8,3,8.647341971,-2.370121521,1.195080747
1254,DR MOM RF,8,4,10.34310198,-3.095154108,1.195080747
1255,DR MOM RF,8,5,13.11984816,-4.15702494,1.195080747
1256,DR MOM RF,8,6,9.471367952,-2.748406819,1.195080747
1257,DR MOM RF,8,7,9.506827251,-2.795750103,1.195080747
1258,DR MOM RF,8,8,11.67713383,-3.614873015,1.195080747
1259,DR MOM RF,8,9,12.60993887,-3.977867177,1.195080747
1260,DR MOM AML,0,0,2.763382704,-0.098613641,0.869202409
1261,DR MOM AML,0,1,2.998506987,-0.171213393,0.869202409
1262,DR MOM AML,0,2,3.288213981,-0.295177866,0.869202409
1263,DR MOM AML,0,3,3.201831836,-0.247847305,0.869202409
1264,DR MOM AML,0,4,3.185461345,-0.261222711,0.869202409
1265,DR MOM AML,0,5,3.152388346,-0.239110783,0.869202409
1266,DR MOM AML,0,6,3.089490458,-0.222702693,0.869202409
1267,DR MOM AML,0,7,3.299419112,-0.317344904,0.869202409
1268,DR MOM AML,0,8,3.294905638,-0.302166383,0.869202409
1269,DR MOM AML,0,9,2.682009295,-0.058743121,0.869202409
1270,DR MOM AML,1,0,1.765625632,-1.133459756,0.43269432
1271,DR MOM AML,1,1,2.235010647,-1.697164489,0.43269432
1272,DR MOM AML,1,2,2.243043183,-1.711082376,0.43269432
1273,DR MOM AML,1,3,2.170856148,-1.646113719,0.43269432
1274,DR MOM AML,1,4,2.191142593,-1.659801151,0.43269432
1275,DR MOM AML,1,5,2.045988392,-1.461389975,0.43269432
1276,DR MOM AML,1,6,2.068314496,-1.535053513,0.43269432
1277,DR MOM AML,1,7,2.289096469,-1.830762019,0.43269432
1278,DR MOM AML,1,8,2.404302787,-1.895522206,0.43269432
1279,DR MOM AML,1,9,1.605008698,-0.950871395,0.43269432
1280,DR MOM AML,2,0,24.93802047,0.269451628,3.598392683
1281,DR MOM AML,2,1,25.27749943,0.260442669,3.598392683
1282,DR MOM AML,2,2,25.35013995,0.257229037,3.598392683
1283,DR MOM AML,2,3,25.22135879,0.263216875,3.598392683
1284,DR MOM AML,2,4,25.16553628,0.263596669,3.598392683
1285,DR MOM AML,2,5,25.22562561,0.261464208,3.598392683
1286,DR MOM AML,2,6,25.05096919,0.265401538,3.598392683
1287,DR MOM AML,2,7,25.20503973,0.260672757,3.598392683
1288,DR MOM AML,2,8,25.33655504,0.256678508,3.598392683
1289,DR MOM AML,2,9,24.83786581,0.27306052,3.598392683
1290,DR MOM AML,3,0,183.1578485,0.023804421,6.164621021
1291,DR MOM AML,3,1,183.6061953,0.023670245,6.164621021
1292,DR MOM AML,3,2,182.5847451,0.023908285,6.164621021
1293,DR MOM AML,3,3,182.5136376,0.027310703,6.164621021
1294,DR MOM AML,3,4,183.6315989,0.024402001,6.164621021
1295,DR MOM AML,3,5,184.4235413,0.028899193,6.164621021
1296,DR MOM AML,3,6,183.5640657,0.024625741,6.164621021
1297,DR MOM AML,3,7,180.5923909,0.025698736,6.164621021
1298,DR MOM AML,3,8,183.863228,0.020644941,6.164621021
1299,DR MOM AML,3,9,182.6142354,0.027093936,6.164621021
1300,DR MOM AML,4,0,7.589984482,0.183341117,1.886786312
1301,DR MOM AML,4,1,8.014786387,0.134623044,1.886786312
1302,DR MOM AML,4,2,8.125861204,0.12707015,1.886786312
1303,DR MOM AML,4,3,7.951411851,0.149489472,1.886786312
1304,DR MOM AML,4,4,7.913441652,0.149032472,1.886786312
1305,DR MOM AML,4,5,7.962101481,0.146280992,1.886786312
1306,DR MOM AML,4,6,7.88911575,0.14587461,1.886786312
1307,DR MOM AML,4,7,7.931518056,0.140941985,1.886786312
1308,DR MOM AML,4,8,8.167573148,0.119323939,1.886786312
1309,DR MOM AML,4,9,7.555869024,0.18735301,1.886786312
1310,DR MOM AML,5,0,4.398752281,0.447730028,1.281575914
1311,DR MOM AML,5,1,4.798270584,0.40145795,1.281575914
1312,DR MOM AML,5,2,4.87608788,0.388442232,1.281575914
1313,DR MOM AML,5,3,4.651500574,0.422602227,1.281575914
1314,DR MOM AML,5,4,4.752697062,0.407317165,1.281575914
1315,DR MOM AML,5,5,4.693658386,0.414324796,1.281575914
1316,DR MOM AML,5,6,4.633261167,0.420759743,1.281575914
1317,DR MOM AML,5,7,4.815889223,0.394168302,1.281575914
1318,DR MOM AML,5,8,4.872589833,0.391623057,1.281575914
1319,DR MOM AML,5,9,4.266718435,0.465859759,1.281575914
1320,DR MOM AML,6,0,2.193459611,-0.661184034,0.635893016
1321,DR MOM AML,6,1,2.496058208,-0.886848642,0.635893016
1322,DR MOM AML,6,2,2.725838533,-1.062112593,0.635893016
1323,DR MOM AML,6,3,2.568210723,-0.940403756,0.635893016
1324,DR MOM AML,6,4,2.623836733,-0.990108412,0.635893016
1325,DR MOM AML,6,5,2.527145613,-0.912872155,0.635893016
1326,DR MOM AML,6,6,2.529612421,-0.897588172,0.635893016
1327,DR MOM AML,6,7,2.783585045,-1.102104555,0.635893016
1328,DR MOM AML,6,8,2.778965978,-1.106961631,0.635893016
1329,DR MOM AML,6,9,2.08224711,-0.581421364,0.635893016
1330,DR MOM AML,7,0,2.59712182,0.51262297,0.768609488
1331,DR MOM AML,7,1,2.929394943,0.454644522,0.768609488
1332,DR MOM AML,7,2,3.052287561,0.429594166,0.768609488
1333,DR MOM AML,7,3,2.942400274,0.450205417,0.768609488
1334,DR MOM AML,7,4,3.011534045,0.433266813,0.768609488
1335,DR MOM AML,7,5,2.953536646,0.448267638,0.768609488
1336,DR MOM AML,7,6,2.936854387,0.449898392,0.768609488
1337,DR MOM AML,7,7,3.092093087,0.423300846,0.768609488
1338,DR MOM AML,7,8,3.014300005,0.436481702,0.768609488
1339,DR MOM AML,7,9,2.503289573,0.531709126,0.768609488
1340,DR MOM AML,8,0,7.214032685,-1.868019223,1.150252613
1341,DR MOM AML,8,1,7.53456657,-1.942993068,1.150252613
1342,DR MOM AML,8,2,15.62872833,-5.15592024,1.150252613
1343,DR MOM AML,8,3,7.80514165,-2.041891478,1.150252613
1344,DR MOM AML,8,4,9.687718306,-2.835667434,1.150252613
1345,DR MOM AML,8,5,11.94057164,-3.69348616,1.150252613
1346,DR MOM AML,8,6,10.04668026,-2.976093525,1.150252613
1347,DR MOM AML,8,7,10.96974267,-3.379842063,1.150252613
1348,DR MOM AML,8,8,10.74581621,-3.246810733,1.150252613
1349,DR MOM AML,8,9,10.65384258,-3.205683615,1.150252613
1350,R OLS,0,0,1.933893519,0.231159044,0.831731445
1351,R OLS,0,1,2.04869368,0.199782596,0.831731445
1352,R OLS,0,2,2.356905598,0.071650452,0.831731445
1353,R OLS,0,3,2.062116264,0.196333113,0.831731445
1354,R OLS,0,4,2.11905238,0.161001595,0.831731445
1355,R OLS,0,5,2.181595193,0.142479342,0.831731445
1356,R OLS,0,6,2.274355393,0.09989673,0.831731445
1357,R OLS,0,7,2.106585274,0.158912741,0.831731445
1358,R OLS,0,8,2.154727735,0.148438733,0.831731445
1359,R OLS,0,9,1.952779146,0.229125905,0.831731445
1360,R OLS,1,0,0.84017128,-0.015204799,0.326545344
1361,R OLS,1,1,0.860575557,-0.038524732,0.326545344
1362,R OLS,1,2,1.039810722,-0.256780317,0.326545344
1363,R OLS,1,3,0.929708082,-0.133245661,0.326545344
1364,R OLS,1,4,0.848019153,-0.029400061,0.326545344
1365,R OLS,1,5,0.974301097,-0.17211562,0.326545344
1366,R OLS,1,6,0.872725414,-0.069665968,0.326545344
1367,R OLS,1,7,0.811126132,-0.003061723,0.326545344
1368,R OLS,1,8,0.917935581,-0.105477594,0.326545344
1369,R OLS,1,9,0.836149879,-0.01633149,0.326545344
1370,R OLS,2,0,24.51151089,0.281946039,3.592067005
1371,R OLS,2,1,24.61271095,0.279892741,3.592067005
1372,R OLS,2,2,24.84905085,0.271911182,3.592067005
1373,R OLS,2,3,24.67476227,0.279184416,3.592067005
1374,R OLS,2,4,24.58207928,0.280670006,3.592067005
1375,R OLS,2,5,24.66269613,0.277945209,3.592067005
1376,R OLS,2,6,24.69110664,0.275954202,3.592067005
1377,R OLS,2,7,24.4430028,0.283025218,3.592067005
1378,R OLS,2,8,24.68794559,0.275707352,3.592067005
1379,R OLS,2,9,24.47256338,0.283751968,3.592067005
1380,R OLS,3,0,182.2124025,0.028843463,6.194084897
1381,R OLS,3,1,182.3067625,0.030580006,6.194084897
1382,R OLS,3,2,181.0156588,0.032296566,6.194084897
1383,R OLS,3,3,182.2621614,0.028650922,6.194084897
1384,R OLS,3,4,182.8324344,0.028647802,6.194084897
1385,R OLS,3,5,183.7526201,0.032431996,6.194084897
1386,R OLS,3,6,182.4855972,0.030356222,6.194084897
1387,R OLS,3,7,179.5464731,0.031341494,6.194084897
1388,R OLS,3,8,182.3195162,0.028867585,6.194084897
1389,R OLS,3,9,181.9018198,0.030889443,6.194084897
1390,R OLS,4,0,7.216279198,0.223550651,1.952031067
1391,R OLS,4,1,7.397724262,0.201248817,1.952031067
1392,R OLS,4,2,7.716173624,0.171081303,1.952031067
1393,R OLS,4,3,7.179384542,0.232068185,1.952031067
1394,R OLS,4,4,7.414711366,0.202663155,1.952031067
1395,R OLS,4,5,7.582705829,0.186960865,1.952031067
1396,R OLS,4,6,7.712322773,0.165015332,1.952031067
1397,R OLS,4,7,7.256765155,0.214024071,1.952031067
1398,R OLS,4,8,7.770312781,0.162158903,1.952031067
1399,R OLS,4,9,7.384387881,0.205796108,1.952031067
1400,R OLS,5,0,4.186410266,0.474389887,1.368696832
1401,R OLS,5,1,4.158592486,0.481252166,1.368696832
1402,R OLS,5,2,4.551879879,0.429104321,1.368696832
1403,R OLS,5,3,4.201761638,0.478428998,1.368696832
1404,R OLS,5,4,4.18057428,0.478663465,1.368696832
1405,R OLS,5,5,4.26976084,0.467218778,1.368696832
1406,R OLS,5,6,4.501708627,0.437206156,1.368696832
1407,R OLS,5,7,4.287793015,0.460602019,1.368696832
1408,R OLS,5,8,4.376419882,0.453573348,1.368696832
1409,R OLS,5,9,3.847034872,0.518398937,1.368696832
1410,R OLS,6,0,1.34153939,-0.015994917,0.614235584
1411,R OLS,6,1,1.362035665,-0.029605455,0.614235584
1412,R OLS,6,2,1.683160199,-0.273320412,0.614235584
1413,R OLS,6,3,1.463996197,-0.106117848,0.614235584
1414,R OLS,6,4,1.347815773,-0.022281408,0.614235584
1415,R OLS,6,5,1.482317089,-0.122010173,0.614235584
1416,R OLS,6,6,1.407417728,-0.055774083,0.614235584
1417,R OLS,6,7,1.519020366,-0.147132054,0.614235584
1418,R OLS,6,8,1.346255595,-0.020706589,0.614235584
1419,R OLS,6,9,1.331514629,-0.011256383,0.614235584
1420,R OLS,7,0,1.792222552,0.663670723,0.786574193
1421,R OLS,7,1,1.912634139,0.643931418,0.786574193
1422,R OLS,7,2,2.161076042,0.59614212,0.786574193
1423,R OLS,7,3,1.950568586,0.635531559,0.786574193
1424,R OLS,7,4,1.979689625,0.627447077,0.786574193
1425,R OLS,7,5,2.034983888,0.619856937,0.786574193
1426,R OLS,7,6,2.154592898,0.596423635,0.786574193
1427,R OLS,7,7,2.013292973,0.624505369,0.786574193
1428,R OLS,7,8,1.996291988,0.626796582,0.786574193
1429,R OLS,7,9,1.811866855,0.66105371,0.786574193
1430,R OLS,8,0,2.598316828,-0.032989859,0.985711932
1431,R OLS,8,1,2.635570581,-0.029450849,0.985711932
1432,R OLS,8,2,2.817145962,-0.109631282,0.985711932
1433,R OLS,8,3,2.424178489,0.055226898,0.985711932
1434,R OLS,8,4,3.315057402,-0.3125338,0.985711932
1435,R OLS,8,5,2.552117894,-0.003162191,0.985711932
1436,R OLS,8,6,2.785075146,-0.102226703,0.985711932
1437,R OLS,8,7,2.833349483,-0.131259284,0.985711932
1438,R OLS,8,8,2.361942665,0.066546155,0.985711932
1439,R OLS,8,9,2.571095123,-0.014958927,0.985711932
1440,R RF,0,0,2.174730955,0.135411433,0.896254604
1441,R RF,0,1,2.173757553,0.150932791,0.896254604
1442,R RF,0,2,2.722472816,-0.072340958,0.896254604
1443,R RF,0,3,2.022594345,0.211735958,0.896254604
1444,R RF,0,4,2.37072038,0.061358447,0.896254604
1445,R RF,0,5,2.307260723,0.093083933,0.896254604
1446,R RF,0,6,2.369716516,0.062156428,0.896254604
1447,R RF,0,7,2.148746058,0.142079386,0.896254604
1448,R RF,0,8,2.271559423,0.102266152,0.896254604
1449,R RF,0,9,2.043263211,0.193406647,0.896254604
1450,R RF,1,0,0.842430332,-0.01793448,0.305598718
1451,R RF,1,1,0.83563731,-0.008429772,0.305598718
1452,R RF,1,2,1.264766818,-0.528676333,0.305598718
1453,R RF,1,3,0.850073395,-0.036176844,0.305598718
1454,R RF,1,4,0.829557069,-0.006989163,0.305598718
1455,R RF,1,5,0.883828714,-0.063274427,0.305598718
1456,R RF,1,6,0.941189608,-0.153579897,0.305598718
1457,R RF,1,7,0.843658439,-0.043292102,0.305598718
1458,R RF,1,8,0.859061085,-0.034574538,0.305598718
1459,R RF,1,9,0.82881579,-0.007416981,0.305598718
1460,R RF,2,0,24.78147637,0.274037518,3.628823207
1461,R RF,2,1,24.71957774,0.276766082,3.628823207
1462,R RF,2,2,25.24917997,0.260187212,3.628823207
1463,R RF,2,3,24.56531861,0.282381558,3.628823207
1464,R RF,2,4,24.75562396,0.275591677,3.628823207
1465,R RF,2,5,24.81642569,0.273444437,3.628823207
1466,R RF,2,6,24.85957246,0.271014084,3.628823207
1467,R RF,2,7,24.51620794,0.280877927,3.628823207
1468,R RF,2,8,24.85577802,0.270783499,3.628823207
1469,R RF,2,9,24.6347226,0.279005991,3.628823207
1470,R RF,3,0,182.3032214,0.028359416,6.16561759
1471,R RF,3,1,182.2208847,0.031036663,6.16561759
1472,R RF,3,2,181.3460579,0.030530264,6.16561759
1473,R RF,3,3,181.7780977,0.031230694,6.16561759
1474,R RF,3,4,182.758075,0.029042859,6.16561759
1475,R RF,3,5,183.6825363,0.032801029,6.16561759
1476,R RF,3,6,182.4468387,0.030562166,6.16561759
1477,R RF,3,7,179.720193,0.03040427,6.16561759
1478,R RF,3,8,182.3244345,0.028841387,6.16561759
1479,R RF,3,9,182.082087,0.029929041,6.16561759
1480,R RF,4,0,7.688581138,0.172732421,1.966098118
1481,R RF,4,1,7.765189066,0.161572704,1.966098118
1482,R RF,4,2,8.289835366,0.10945504,1.966098118
1483,R RF,4,3,7.341032278,0.214777784,1.966098118
1484,R RF,4,4,7.798440369,0.161399071,1.966098118
1485,R RF,4,5,7.959863237,0.146520983,1.966098118
1486,R RF,4,6,8.139904557,0.118722634,1.966098118
1487,R RF,4,7,7.483179336,0.189501286,1.966098118
1488,R RF,4,8,8.090876141,0.127593864,1.966098118
1489,R RF,4,9,7.665395845,0.175573207,1.966098118
1490,R RF,5,0,4.197945429,0.47294163,1.341166901
1491,R RF,5,1,4.132880338,0.48445953,1.341166901
1492,R RF,5,2,4.74409506,0.40499674,1.341166901
1493,R RF,5,3,3.907607128,0.514942841,1.341166901
1494,R RF,5,4,4.02618458,0.49791656,1.341166901
1495,R RF,5,5,4.304328503,0.462905421,1.341166901
1496,R RF,5,6,4.530409497,0.433618035,1.341166901
1497,R RF,5,7,4.185918268,0.473417711,1.341166901
1498,R RF,5,8,4.455396068,0.443712618,1.341166901
1499,R RF,5,9,3.948567224,0.505688346,1.341166901
1500,R RF,6,0,1.322769584,-0.001779884,0.52904029
1501,R RF,6,1,1.399649484,-0.058038919,0.52904029
1502,R RF,6,2,1.866067279,-0.411690674,0.52904029
1503,R RF,6,3,1.343359869,-0.01497144,0.52904029
1504,R RF,6,4,1.316900881,0.001166693,0.52904029
1505,R RF,6,5,1.377815646,-0.042909902,0.52904029
1506,R RF,6,6,1.490912974,-0.118408022,0.52904029
1507,R RF,6,7,1.340874092,-0.012599756,0.52904029
1508,R RF,6,8,1.331682401,-0.009657457,0.52904029
1509,R RF,6,9,1.393045853,-0.057988008,0.52904029
1510,R RF,7,0,1.973791379,0.629597437,0.81446177
1511,R RF,7,1,2.020215116,0.623903434,0.81446177
1512,R RF,7,2,2.447350441,0.542643692,0.81446177
1513,R RF,7,3,1.863725453,0.651758407,0.81446177
1514,R RF,7,4,2.15387981,0.594666655,0.81446177
1515,R RF,7,5,2.1952744,0.589914034,0.81446177
1516,R RF,7,6,2.198178248,0.588259672,0.81446177
1517,R RF,7,7,2.024790968,0.622360904,0.81446177
1518,R RF,7,8,2.104447921,0.606577013,0.81446177
1519,R RF,7,9,1.902014259,0.644189818,0.81446177
1520,R RF,8,0,2.787836739,-0.108335616,1.055136363
1521,R RF,8,1,2.638334427,-0.030530404,1.055136363
1522,R RF,8,2,4.566081949,-0.798510775,1.055136363
1523,R RF,8,3,2.615486485,-0.019331411,1.055136363
1524,R RF,8,4,2.682331172,-0.062017907,1.055136363
1525,R RF,8,5,2.686317825,-0.055912222,1.055136363
1526,R RF,8,6,2.797158598,-0.107008873,1.055136363
1527,R RF,8,7,2.761859717,-0.102715872,1.055136363
1528,R RF,8,8,2.377520983,0.060389511,1.055136363
1529,R RF,8,9,2.647976217,-0.04530831,1.055136363
1530,R AML,0,0,2.005090273,0.20285398,0.851736037
1531,R AML,0,1,,,0.851736037
1532,R AML,0,2,2.426925077,0.044070836,0.851736037
1533,R AML,0,3,1.973422092,0.23089982,0.851736037
1534,R AML,0,4,2.132401872,0.155716118,0.851736037
1535,R AML,0,5,2.24090787,0.11916528,0.851736037
1536,R AML,0,6,2.258075842,0.106339557,0.851736037
1537,R AML,0,7,,,0.851736037
1538,R AML,0,8,2.120406024,0.162002878,0.851736037
1539,R AML,0,9,1.949428253,0.230448695,0.851736037
1540,R AML,1,0,0.831263901,-0.004441738,0.357623859
1541,R AML,1,1,,,0.357623859
1542,R AML,1,2,,,0.357623859
1543,R AML,1,3,0.839304519,-0.023050378,0.357623859
1544,R AML,1,4,0.824069452,-0.000327813,0.357623859
1545,R AML,1,5,1.028810289,-0.237691934,0.357623859
1546,R AML,1,6,,,0.357623859
1547,R AML,1,7,,,0.357623859
1548,R AML,1,8,0.849686313,-0.023284422,0.357623859
1549,R AML,1,9,0.825252781,-0.003086181,0.357623859
1550,R AML,2,0,24.52159096,0.281650747,3.609827421
1551,R AML,2,1,24.5460277,0.281843729,3.609827421
1552,R AML,2,2,,,3.609827421
1553,R AML,2,3,,,3.609827421
1554,R AML,2,4,24.53925354,0.281923189,3.609827421
1555,R AML,2,5,,,3.609827421
1556,R AML,2,6,24.71642648,0.275211719,3.609827421
1557,R AML,2,7,24.44927945,0.282841108,3.609827421
1558,R AML,2,8,24.67161763,0.27618638,3.609827421
1559,R AML,2,9,24.47336459,0.283728519,3.609827421
1560,R AML,3,0,182.3417964,0.028153819,6.19982565
1561,R AML,3,1,182.2640747,0.030806999,6.19982565
1562,R AML,3,2,181.1950109,0.031337756,6.19982565
1563,R AML,3,3,182.0969939,0.029531166,6.19982565
1564,R AML,3,4,182.7841373,0.028904395,6.19982565
1565,R AML,3,5,183.7141473,0.032634579,6.19982565
1566,R AML,3,6,182.3950576,0.030837308,6.19982565
1567,R AML,3,7,179.7816153,0.030072895,6.19982565
1568,R AML,3,8,182.4581018,0.028129403,6.19982565
1569,R AML,3,9,181.9812452,0.030466291,6.19982565
1570,R AML,4,0,7.38956673,0.204905448,1.922194873
1571,R AML,4,1,7.428216443,0.197956499,1.922194873
1572,R AML,4,2,7.841490642,0.15761898,1.922194873
1573,R AML,4,3,7.306901375,0.218428543,1.922194873
1574,R AML,4,4,7.536452497,0.18957179,1.922194873
1575,R AML,4,5,7.67112714,0.177480083,1.922194873
1576,R AML,4,6,7.762601408,0.15957185,1.922194873
1577,R AML,4,7,7.404796777,0.197990854,1.922194873
1578,R AML,4,8,7.633706707,0.176888578,1.922194873
1579,R AML,4,9,7.421232738,0.201833379,1.922194873
1580,R AML,5,0,3.988053124,0.499293925,1.305718264
1581,R AML,5,1,3.986775189,0.502684863,1.305718264
1582,R AML,5,2,4.466013861,0.439873617,1.305718264
1583,R AML,5,3,3.939299018,0.511008879,1.305718264
1584,R AML,5,4,4.033903726,0.496953947,1.305718264
1585,R AML,5,5,4.186448122,0.477614547,1.305718264
1586,R AML,5,6,4.322980272,0.459550387,1.305718264
1587,R AML,5,7,4.166980733,0.475800024,1.305718264
1588,R AML,5,8,4.221049078,0.47297248,1.305718264
1589,R AML,5,9,3.785182892,0.526142038,1.305718264
1590,R AML,6,0,1.321596235,-0.000891266,0.532604465
1591,R AML,6,1,1.323006868,-0.000102363,0.532604465
1592,R AML,6,2,1.692481837,-0.280372285,0.532604465
1593,R AML,6,3,1.359921512,-0.027484539,0.532604465
1594,R AML,6,4,1.318635018,-0.000148603,0.532604465
1595,R AML,6,5,1.418790811,-0.073925231,0.532604465
1596,R AML,6,6,1.379150667,-0.034569553,0.532604465
1597,R AML,6,7,1.34443837,-0.015291423,0.532604465
1598,R AML,6,8,1.32997361,-0.008361883,0.532604465
1599,R AML,6,9,1.319511559,-0.002140312,0.532604465
1600,R AML,7,0,1.838886817,0.654913686,0.77251046
1601,R AML,7,1,1.892688928,0.64764455,0.77251046
1602,R AML,7,2,2.230305449,0.583204657,0.77251046
1603,R AML,7,3,1.837105995,0.656732317,0.77251046
1604,R AML,7,4,1.934870252,0.635881525,0.77251046
1605,R AML,7,5,2.083699088,0.610756745,0.77251046
1606,R AML,7,6,2.111509645,0.604493551,0.77251046
1607,R AML,7,7,1.956785649,0.63504442,0.77251046
1608,R AML,7,8,1.958149475,0.633927261,0.77251046
1609,R AML,7,9,1.792144008,0.664743267,0.77251046
1610,R AML,8,0,2.7374102,-0.088287982,1.035888284
1611,R AML,8,1,2.560434183,-0.000102658,1.035888284
1612,R AML,8,2,2.991571509,-0.178334873,1.035888284
1613,R AML,8,3,2.569005599,-0.001216453,1.035888284
1614,R AML,8,4,2.836655685,-0.123119757,1.035888284
1615,R AML,8,5,2.600141835,-0.022038985,1.035888284
1616,R AML,8,6,2.87268188,-0.136898113,1.035888284
1617,R AML,8,7,2.985119519,-0.191855855,1.035888284
1618,R AML,8,8,2.292589422,0.093954971,1.035888284
1619,R AML,8,9,2.613686348,-0.03177213,1.035888284
1620,CF,0,0,2.159357946,0.141523144,0.86269943
1621,CF,0,1,2.045658339,0.200968197,0.86269943
1622,CF,0,2,2.350817353,0.07404852,0.86269943
1623,CF,0,3,2.00928345,0.216923603,0.86269943
1624,CF,0,4,2.153282517,0.147448825,0.86269943
1625,CF,0,5,2.222935222,0.126229798,0.86269943
1626,CF,0,6,2.286160753,0.095224618,0.86269943
1627,CF,0,7,2.214739864,0.115730323,0.86269943
1628,CF,0,8,2.244612059,0.112915911,0.86269943
1629,CF,0,9,2.127303061,0.160231291,0.86269943
1630,CF,1,0,1.04033737,-0.257071642,0.333929065
1631,CF,1,1,1.05271035,-0.270389015,0.333929065
1632,CF,1,2,1.183282736,-0.430189573,0.333929065
1633,CF,1,3,1.022539368,-0.246400161,0.333929065
1634,CF,1,4,1.008285135,-0.223944974,0.333929065
1635,CF,1,5,1.05434147,-0.268406767,0.333929065
1636,CF,1,6,1.081549835,-0.325614028,0.333929065
1637,CF,1,7,1.033493146,-0.278047118,0.333929065
1638,CF,1,8,1.180499785,-0.421685887,0.333929065
1639,CF,1,9,0.99500551,-0.209418858,0.333929065
1640,CF,2,0,19.07216931,0.441289165,3.102889054
1641,CF,2,1,18.41888122,0.461108933,3.102889054
1642,CF,2,2,19.65074109,0.424224091,3.102889054
1643,CF,2,3,18.86951649,0.448771121,3.102889054
1644,CF,2,4,18.48819915,0.458991404,3.102889054
1645,CF,2,5,18.8848562,0.447104209,3.102889054
1646,CF,2,6,19.00895011,0.442578631,3.102889054
1647,CF,2,7,18.85949502,0.446803552,3.102889054
1648,CF,2,8,19.87672072,0.416858619,3.102889054
1649,CF,2,9,18.00538612,0.473029361,3.102889054
1650,CF,3,0,179.9067312,0.041132241,6.221725097
1651,CF,3,1,180.0146196,0.042768523,6.221725097
1652,CF,3,2,178.8450536,0.043900547,6.221725097
1653,CF,3,3,179.7961549,0.041793272,6.221725097
1654,CF,3,4,180.5576473,0.040733291,6.221725097
1655,CF,3,5,181.3783495,0.044933958,6.221725097
1656,CF,3,6,180.1429909,0.042803745,6.221725097
1657,CF,3,7,177.3586255,0.043144996,6.221725097
1658,CF,3,8,180.0404352,0.041007204,6.221725097
1659,CF,3,9,179.213755,0.04521053,6.221725097
1660,CF,4,0,6.670895219,0.282232282,1.840845804
1661,CF,4,1,6.62670989,0.284497208,1.840845804
1662,CF,4,2,7.282543344,0.217664527,1.840845804
1663,CF,4,3,6.463193513,0.308674456,1.840845804
1664,CF,4,4,6.835783483,0.264917841,1.840845804
1665,CF,4,5,6.839812795,0.266615955,1.840845804
1666,CF,4,6,7.160273105,0.224783709,1.840845804
1667,CF,4,7,6.819068624,0.261430723,1.840845804
1668,CF,4,8,7.013331562,0.243781096,1.840845804
1669,CF,4,9,7.016607287,0.245351557,1.840845804
1670,CF,5,0,5.338887057,0.329694691,1.542607609
1671,CF,5,1,4.97594506,0.379294622,1.542607609
1672,CF,5,2,5.287997151,0.33678067,1.542607609
1673,CF,5,3,4.74345204,0.411188153,1.542607609
1674,CF,5,4,4.658127005,0.419110479,1.542607609
1675,CF,5,5,4.603060027,0.425629669,1.542607609
1676,CF,5,6,4.797010875,0.400288109,1.542607609
1677,CF,5,7,5.003688968,0.370543374,1.542607609
1678,CF,5,8,5.441105866,0.320639851,1.542607609
1679,CF,5,9,4.620846519,0.421527314,1.542607609
1680,CF,6,0,1.487027052,-0.126177835,0.536826632
1681,CF,6,1,1.503077273,-0.136223227,0.536826632
1682,CF,6,2,1.637834489,-0.239031251,0.536826632
1683,CF,6,3,1.4955774,-0.12997893,0.536826632
1684,CF,6,4,1.489684088,-0.129884645,0.536826632
1685,CF,6,5,1.52536808,-0.154596756,0.536826632
1686,CF,6,6,1.560418343,-0.170547458,0.536826632
1687,CF,6,7,1.516668904,-0.145356279,0.536826632
1688,CF,6,8,1.644980568,-0.247194448,0.536826632
1689,CF,6,9,1.462222169,-0.110525915,0.536826632
1690,CF,7,0,2.230660576,0.581393249,0.887606999
1691,CF,7,1,2.332827615,0.56570543,0.887606999
1692,CF,7,2,2.449721228,0.542200643,0.887606999
1693,CF,7,3,2.207561482,0.587511817,0.887606999
1694,CF,7,4,2.353798042,0.557044534,0.887606999
1695,CF,7,5,2.372136439,0.556875503,0.887606999
1696,CF,7,6,2.395311321,0.551334716,0.887606999
1697,CF,7,7,2.358707864,0.560082834,0.887606999
1698,CF,7,8,2.284470661,0.572922066,0.887606999
1699,CF,7,9,2.296699097,0.570356047,0.887606999
1700,CF,8,0,2.799163822,-0.112838824,0.98670846
1701,CF,8,1,2.280124218,0.109386093,0.98670846
1702,CF,8,2,2.96194268,-0.166664524,0.98670846
1703,CF,8,3,2.53906173,0.010453547,0.98670846
1704,CF,8,4,2.471559586,0.021433085,0.98670846
1705,CF,8,5,2.694953501,-0.059306651,0.98670846
1706,CF,8,6,3.396510147,-0.344209396,0.98670846
1707,CF,8,7,2.741571516,-0.09461549,0.98670846
1708,CF,8,8,2.383691627,0.057950836,0.98670846
1709,CF,8,9,2.589089223,-0.022062231,0.98670846
1710,BCF,0,0,2.344959874,0.067735026,0.939128077
1711,BCF,0,1,2.456305806,0.040569767,0.939128077
1712,BCF,0,2,2.393998754,0.057040018,0.939128077
1713,BCF,0,3,2.161391847,0.157642521,0.939128077
1714,BCF,0,4,2.2815959,0.096645586,0.939128077
1715,BCF,0,5,2.360321153,0.072227444,0.939128077
1716,BCF,0,6,2.338667297,0.074444527,0.939128077
1717,BCF,0,7,2.476731231,0.011126154,0.939128077
1718,BCF,0,8,2.38755252,0.056424988,0.939128077
1719,BCF,0,9,2.184228078,0.137759717,0.939128077
1720,BCF,1,0,0.825293761,0.002772166,0.300808814
1721,BCF,1,1,0.839276787,-0.012821817,0.300808814
1722,BCF,1,2,0.826910618,0.000544074,0.300808814
1723,BCF,1,3,0.82125115,-0.001044651,0.300808814
1724,BCF,1,4,0.824830814,-0.00125202,0.300808814
1725,BCF,1,5,0.830797336,0.00052403,0.300808814
1726,BCF,1,6,0.816395749,-0.000624865,0.300808814
1727,BCF,1,7,0.827573438,-0.02340093,0.300808814
1728,BCF,1,8,0.877429798,-0.056696135,0.300808814
1729,BCF,1,9,0.823897257,-0.001438555,0.300808814
1730,BCF,2,0,15.87451271,0.534963112,2.897365003
1731,BCF,2,1,16.37650035,0.520863963,2.897365003
1732,BCF,2,2,17.76396183,0.479507606,2.897365003
1733,BCF,2,3,15.91520831,0.535074339,2.897365003
1734,BCF,2,4,16.19788927,0.526011308,2.897365003
1735,BCF,2,5,15.95992304,0.532738074,2.897365003
1736,BCF,2,6,16.51169475,0.515808531,2.897365003
1737,BCF,2,7,16.2960829,0.52199488,2.897365003
1738,BCF,2,8,18.05499238,0.470304315,2.897365003
1739,BCF,2,9,15.63603496,0.542374083,2.897365003
1740,BCF,3,0,181.5497123,0.032375472,6.139319188
1741,BCF,3,1,181.1471938,0.036746036,6.139319188
1742,BCF,3,2,180.3833051,0.035677107,6.139319188
1743,BCF,3,3,181.2613698,0.033984546,6.139319188
1744,BCF,3,4,181.8092481,0.034083786,6.139319188
1745,BCF,3,5,182.727737,0.037828622,6.139319188
1746,BCF,3,6,181.9206042,0.033358333,6.139319188
1747,BCF,3,7,178.9601646,0.034504645,6.139319188
1748,BCF,3,8,181.5227969,0.033111343,6.139319188
1749,BCF,3,9,181.1307887,0.034997232,6.139319188
1750,BCF,4,0,7.296037935,0.214968857,1.930451122
1751,BCF,4,1,7.48551757,0.19176955,1.930451122
1752,BCF,4,2,7.58508085,0.185164092,1.930451122
1753,BCF,4,3,6.950601292,0.256539633,1.930451122
1754,BCF,4,4,7.201388093,0.225602754,1.930451122
1755,BCF,4,5,7.339059214,0.213085344,1.930451122
1756,BCF,4,6,7.85794537,0.149249312,1.930451122
1757,BCF,4,7,7.309246558,0.208339842,1.930451122
1758,BCF,4,8,7.662417898,0.173792767,1.930451122
1759,BCF,4,9,7.827588212,0.158129133,1.930451122
1760,BCF,5,0,4.636053799,0.417936465,1.437739255
1761,BCF,5,1,4.872180237,0.392238371,1.437739255
1762,BCF,5,2,4.868239167,0.389426616,1.437739255
1763,BCF,5,3,4.223724097,0.475702765,1.437739255
1764,BCF,5,4,4.101176335,0.488564748,1.437739255
1765,BCF,5,5,4.5319606,0.434501463,1.437739255
1766,BCF,5,6,4.812672416,0.398330137,1.437739255
1767,BCF,5,7,4.652296067,0.414748078,1.437739255
1768,BCF,5,8,4.976500803,0.378649045,1.437739255
1769,BCF,5,9,4.080316891,0.489194921,1.437739255
1770,BCF,6,0,1.35153207,-0.023562725,0.585743065
1771,BCF,6,1,1.402783544,-0.060408054,0.585743065
1772,BCF,6,2,1.397032518,-0.056863168,0.585743065
1773,BCF,6,3,1.463177,-0.105498907,0.585743065
1774,BCF,6,4,1.478034769,-0.121048955,0.585743065
1775,BCF,6,5,1.431006472,-0.083171631,0.585743065
1776,BCF,6,6,1.46569193,-0.099488462,0.585743065
1777,BCF,6,7,1.436257502,-0.084631289,0.585743065
1778,BCF,6,8,1.475986745,-0.119066396,0.585743065
1779,BCF,6,9,1.353767593,-0.028157025,0.585743065
1780,BCF,7,0,2.101494071,0.605632693,0.88603488
1781,BCF,7,1,2.191507321,0.592014547,0.88603488
1782,BCF,7,2,2.506495833,0.531590711,0.88603488
1783,BCF,7,3,2.078463031,0.611634173,0.88603488
1784,BCF,7,4,2.312062839,0.564898579,0.88603488
1785,BCF,7,5,2.437091788,0.544741587,0.88603488
1786,BCF,7,6,2.317913247,0.565832133,0.88603488
1787,BCF,7,7,2.350436549,0.561625498,0.88603488
1788,BCF,7,8,2.484111064,0.535599629,0.88603488
1789,BCF,7,9,2.255563312,0.578051327,0.88603488
1790,BCF,8,0,2.798253405,-0.112476878,1.058545423
1791,BCF,8,1,2.627182104,-0.026174319,1.058545423
1792,BCF,8,2,2.709826199,-0.067359647,1.058545423
1793,BCF,8,3,2.695204645,-0.050399904,1.058545423
1794,BCF,8,4,2.66532569,-0.055284911,1.058545423
1795,BCF,8,5,2.56025783,-0.00636176,1.058545423
1796,BCF,8,6,2.699939388,-0.068533211,1.058545423
1797,BCF,8,7,2.631116208,-0.050514473,1.058545423
1798,BCF,8,8,2.531638777,-0.000518762,1.058545423
1799,BCF,8,9,2.67427288,-0.055689114,1.058545423
1800,BART,0,0,2.035366287,0.190817412,0.856625464
1801,BART,0,1,2.086866827,0.184872209,0.856625464
1802,BART,0,2,2.414058802,0.049138668,0.856625464
1803,BART,0,3,2.168318962,0.154942823,0.856625464
1804,BART,0,4,2.198575883,0.12951578,0.856625464
1805,BART,0,5,2.281848605,0.103072686,0.856625464
1806,BART,0,6,2.25566331,0.107294345,0.856625464
1807,BART,0,7,2.019020556,0.19387433,0.856625464
1808,BART,0,8,2.186095642,0.136041949,0.856625464
1809,BART,0,9,2.213244344,0.12630533,0.856625464
1810,BART,1,0,0.832002252,-0.005333911,0.306397631
1811,BART,1,1,0.832924114,-0.005155544,0.306397631
1812,BART,1,2,0.832745096,-0.006507841,0.306397631
1813,BART,1,3,0.918519669,-0.11960781,0.306397631
1814,BART,1,4,0.847231856,-0.028444371,0.306397631
1815,BART,1,5,1.006314545,-0.21062883,0.306397631
1816,BART,1,6,0.829490069,-0.016674068,0.306397631
1817,BART,1,7,0.817126808,-0.010482329,0.306397631
1818,BART,1,8,0.857441353,-0.032623882,0.306397631
1819,BART,1,9,0.834279789,-0.014058415,0.306397631
1820,BART,2,0,20.16801901,0.409186728,3.255712462
1821,BART,2,1,19.75286515,0.422079851,3.255712462
1822,BART,2,2,22.55689409,0.339072448,3.255712462
1823,BART,2,3,21.09878084,0.383648367,3.255712462
1824,BART,2,4,18.92542712,0.446197076,3.255712462
1825,BART,2,5,21.27380028,0.377162605,3.255712462
1826,BART,2,6,19.91213639,0.416093459,3.255712462
1827,BART,2,7,20.8201942,0.389291311,3.255712462
1828,BART,2,8,21.77247434,0.361241176,3.255712462
1829,BART,2,9,21.36939225,0.374573685,3.255712462
1830,BART,3,0,182.2936217,0.028410581,6.218030848
1831,BART,3,1,182.2794825,0.030725067,6.218030848
1832,BART,3,2,181.1272949,0.031699764,6.218030848
1833,BART,3,3,182.4168319,0.02782662,6.218030848
1834,BART,3,4,182.9131468,0.028218993,6.218030848
1835,BART,3,5,183.8004468,0.03218016,6.218030848
1836,BART,3,6,182.8560468,0.028387824,6.218030848
1837,BART,3,7,179.9569104,0.029127172,6.218030848
1838,BART,3,8,182.5170647,0.027815335,6.218030848
1839,BART,3,9,182.1854297,0.029378466,6.218030848
1840,BART,4,0,5.573737654,0.400283047,1.769415207
1841,BART,4,1,5.798124987,0.373961637,1.769415207
1842,BART,4,2,7.187114315,0.227916099,1.769415207
1843,BART,4,3,6.335226049,0.322362298,1.769415207
1844,BART,4,4,6.500070355,0.301018565,1.769415207
1845,BART,4,5,6.855172678,0.264969025,1.769415207
1846,BART,4,6,6.887725343,0.254291447,1.769415207
1847,BART,4,7,5.658780729,0.387100817,1.769415207
1848,BART,4,8,6.990648299,0.24622694,1.769415207
1849,BART,4,9,7.097465305,0.236655135,1.769415207
1850,BART,5,0,5.011472602,0.370802069,1.508014512
1851,BART,5,1,4.663587488,0.418258481,1.508014512
1852,BART,5,2,5.4825104,0.312384865,1.508014512
1853,BART,5,3,4.696978979,0.416956924,1.508014512
1854,BART,5,4,4.331479759,0.459844869,1.508014512
1855,BART,5,5,4.623699932,0.423054219,1.508014512
1856,BART,5,6,4.965462232,0.379228686,1.508014512
1857,BART,5,7,4.679477933,0.411328639,1.508014512
1858,BART,5,8,5.30156757,0.338062184,1.508014512
1859,BART,5,9,4.473772979,0.439939098,1.508014512
1860,BART,6,0,1.31932606,0.000828018,0.550563349
1861,BART,6,1,1.333581059,-0.008095726,0.550563349
1862,BART,6,2,1.349089136,-0.020593723,0.550563349
1863,BART,6,3,1.474508143,-0.114060117,0.550563349
1864,BART,6,4,1.44844365,-0.0986049,0.550563349
1865,BART,6,5,1.478587736,-0.119187313,0.550563349
1866,BART,6,6,1.350605548,-0.013156439,0.550563349
1867,BART,6,7,1.338798948,-0.011032651,0.550563349
1868,BART,6,8,1.775326023,-0.34602001,0.550563349
1869,BART,6,9,1.320249488,-0.002700753,0.550563349
1870,BART,7,0,2.126423511,0.600954423,0.866408297
1871,BART,7,1,2.208108593,0.588923945,0.866408297
1872,BART,7,2,2.456118455,0.541005141,0.866408297
1873,BART,7,3,2.210044619,0.587047836,0.866408297
1874,BART,7,4,2.218431471,0.582518836,0.866408297
1875,BART,7,5,2.588657709,0.516428471,0.866408297
1876,BART,7,6,2.422011846,0.546333446,0.866408297
1877,BART,7,7,2.199570856,0.58976311,0.866408297
1878,BART,7,8,2.328749858,0.564644145,0.866408297
1879,BART,7,9,2.444480727,0.542710509,0.866408297
1880,BART,8,0,2.629217935,-0.04527494,1.018069013
1881,BART,8,1,2.564481436,-0.00168351,1.018069013
1882,BART,8,2,2.751560513,-0.083798163,1.018069013
1883,BART,8,3,2.558767977,0.002773447,1.018069013
1884,BART,8,4,2.539454342,-0.005448549,1.018069013
1885,BART,8,5,2.78557888,-0.094928812,1.018069013
1886,BART,8,6,2.828023211,-0.119223912,1.018069013
1887,BART,8,7,2.934408408,-0.171608647,1.018069013
1888,BART,8,8,2.384406955,0.057668134,1.018069013
1889,BART,8,9,3.869255511,-0.527417397,1.018069013
